region,year,quarter,churn,qrtr_numb
АДЫГЕЯ РЕСП,2018,2018Q1,0.0,1
АДЫГЕЯ РЕСП,2018,2018Q2,0.0,2
АДЫГЕЯ РЕСП,2018,2018Q3,0.0,3
АДЫГЕЯ РЕСП,2018,2018Q4,0.0,4
АДЫГЕЯ РЕСП,2019,2019Q1,0.0,1
АДЫГЕЯ РЕСП,2019,2019Q2,0.0,2
АДЫГЕЯ РЕСП,2019,2019Q3,0.06666666666666667,3
АДЫГЕЯ РЕСП,2019,2019Q4,0.0,4
АДЫГЕЯ РЕСП,2020,2020Q1,0.0,1
АДЫГЕЯ РЕСП,2020,2020Q2,0.0,2
АДЫГЕЯ РЕСП,2020,2020Q3,0.0,3
АДЫГЕЯ РЕСП,2020,2020Q4,0.024390243902439025,4
АДЫГЕЯ РЕСП,2021,2021Q1,0.058823529411764705,1
АДЫГЕЯ РЕСП,2021,2021Q2,0.05555555555555555,2
АДЫГЕЯ РЕСП,2021,2021Q3,0.045454545454545456,3
АДЫГЕЯ РЕСП,2021,2021Q4,0.0,4
АДЫГЕЯ РЕСП,2022,2022Q1,0.08695652173913043,1
АДЫГЕЯ РЕСП,2022,2022Q2,0.0,2
АДЫГЕЯ РЕСП,2022,2022Q3,0.0,3
АДЫГЕЯ РЕСП,2022,2022Q4,0.0,4
АЛТАЙ РЕСП,2018,2018Q1,0.0,1
АЛТАЙ РЕСП,2018,2018Q2,0.0,2
АЛТАЙ РЕСП,2018,2018Q3,0.0,3
АЛТАЙ РЕСП,2018,2018Q4,0.0,4
АЛТАЙ РЕСП,2019,2019Q1,0.0,1
АЛТАЙ РЕСП,2019,2019Q2,0.0,2
АЛТАЙ РЕСП,2019,2019Q3,0.0,3
АЛТАЙ РЕСП,2019,2019Q4,0.0,4
АЛТАЙ РЕСП,2020,2020Q1,0.0,1
АЛТАЙ РЕСП,2020,2020Q2,0.0,2
АЛТАЙ РЕСП,2020,2020Q3,0.0,3
АЛТАЙ РЕСП,2020,2020Q4,0.0,4
АЛТАЙ РЕСП,2021,2021Q1,0.0,1
АЛТАЙ РЕСП,2021,2021Q2,0.0,2
АЛТАЙ РЕСП,2021,2021Q3,0.0,3
АЛТАЙ РЕСП,2021,2021Q4,0.0,4
АЛТАЙ РЕСП,2022,2022Q1,0.0,1
АЛТАЙ РЕСП,2022,2022Q2,0.0,2
АЛТАЙ РЕСП,2022,2022Q3,0.0,3
АЛТАЙ РЕСП,2022,2022Q4,0.0,4
АЛТАЙСКИЙ КРАЙ,2018,2018Q1,0.0898876404494382,1
АЛТАЙСКИЙ КРАЙ,2018,2018Q2,0.075,2
АЛТАЙСКИЙ КРАЙ,2018,2018Q3,0.056338028169014086,3
АЛТАЙСКИЙ КРАЙ,2018,2018Q4,0.02030456852791878,4
АЛТАЙСКИЙ КРАЙ,2019,2019Q1,0.03896103896103896,1
АЛТАЙСКИЙ КРАЙ,2019,2019Q2,0.0410958904109589,2
АЛТАЙСКИЙ КРАЙ,2019,2019Q3,0.013888888888888888,3
АЛТАЙСКИЙ КРАЙ,2019,2019Q4,0.0,4
АЛТАЙСКИЙ КРАЙ,2020,2020Q1,0.0,1
АЛТАЙСКИЙ КРАЙ,2020,2020Q2,0.0,2
АЛТАЙСКИЙ КРАЙ,2020,2020Q3,0.0,3
АЛТАЙСКИЙ КРАЙ,2020,2020Q4,0.006060606060606061,4
АЛТАЙСКИЙ КРАЙ,2021,2021Q1,0.028846153846153848,1
АЛТАЙСКИЙ КРАЙ,2021,2021Q2,0.04040404040404041,2
АЛТАЙСКИЙ КРАЙ,2021,2021Q3,0.03333333333333333,3
АЛТАЙСКИЙ КРАЙ,2021,2021Q4,0.0038684719535783366,4
АЛТАЙСКИЙ КРАЙ,2022,2022Q1,0.0,1
АЛТАЙСКИЙ КРАЙ,2022,2022Q2,0.018518518518518517,2
АЛТАЙСКИЙ КРАЙ,2022,2022Q3,0.012121212121212121,3
АЛТАЙСКИЙ КРАЙ,2022,2022Q4,0.0,4
АМУРСКАЯ ОБЛ,2018,2018Q1,0.0,1
АМУРСКАЯ ОБЛ,2018,2018Q2,0.0,2
АМУРСКАЯ ОБЛ,2018,2018Q3,0.0,3
АМУРСКАЯ ОБЛ,2018,2018Q4,0.0,4
АМУРСКАЯ ОБЛ,2019,2019Q1,0.16666666666666666,1
АМУРСКАЯ ОБЛ,2019,2019Q2,0.0,2
АМУРСКАЯ ОБЛ,2019,2019Q3,0.0,3
АМУРСКАЯ ОБЛ,2019,2019Q4,0.0,4
АМУРСКАЯ ОБЛ,2020,2020Q1,0.0,1
АМУРСКАЯ ОБЛ,2020,2020Q2,0.0,2
АМУРСКАЯ ОБЛ,2020,2020Q3,0.0,3
АМУРСКАЯ ОБЛ,2020,2020Q4,0.0,4
АМУРСКАЯ ОБЛ,2021,2021Q1,0.0,1
АМУРСКАЯ ОБЛ,2021,2021Q2,0.0,2
АМУРСКАЯ ОБЛ,2021,2021Q3,0.08333333333333333,3
АМУРСКАЯ ОБЛ,2021,2021Q4,0.0,4
АМУРСКАЯ ОБЛ,2022,2022Q1,0.0,1
АМУРСКАЯ ОБЛ,2022,2022Q2,0.05,2
АМУРСКАЯ ОБЛ,2022,2022Q3,0.0,3
АМУРСКАЯ ОБЛ,2022,2022Q4,0.0,4
АРХАНГЕЛЬСКАЯ ОБЛ,2018,2018Q1,0.050156739811912224,1
АРХАНГЕЛЬСКАЯ ОБЛ,2018,2018Q2,0.026881720430107527,2
АРХАНГЕЛЬСКАЯ ОБЛ,2018,2018Q3,0.01483679525222552,3
АРХАНГЕЛЬСКАЯ ОБЛ,2018,2018Q4,0.019332161687170474,4
АРХАНГЕЛЬСКАЯ ОБЛ,2019,2019Q1,0.0391566265060241,1
АРХАНГЕЛЬСКАЯ ОБЛ,2019,2019Q2,0.023529411764705882,2
АРХАНГЕЛЬСКАЯ ОБЛ,2019,2019Q3,0.01675977653631285,3
АРХАНГЕЛЬСКАЯ ОБЛ,2019,2019Q4,0.006872852233676976,4
АРХАНГЕЛЬСКАЯ ОБЛ,2020,2020Q1,0.052054794520547946,1
АРХАНГЕЛЬСКАЯ ОБЛ,2020,2020Q2,0.03757225433526012,2
АРХАНГЕЛЬСКАЯ ОБЛ,2020,2020Q3,0.01694915254237288,3
АРХАНГЕЛЬСКАЯ ОБЛ,2020,2020Q4,0.01652892561983471,4
АРХАНГЕЛЬСКАЯ ОБЛ,2021,2021Q1,0.041584158415841586,1
АРХАНГЕЛЬСКАЯ ОБЛ,2021,2021Q2,0.031067961165048542,2
АРХАНГЕЛЬСКАЯ ОБЛ,2021,2021Q3,0.021505376344086023,3
АРХАНГЕЛЬСКАЯ ОБЛ,2021,2021Q4,0.014806378132118452,4
АРХАНГЕЛЬСКАЯ ОБЛ,2022,2022Q1,0.03211009174311927,1
АРХАНГЕЛЬСКАЯ ОБЛ,2022,2022Q2,0.025297619047619048,2
АРХАНГЕЛЬСКАЯ ОБЛ,2022,2022Q3,0.02282453637660485,3
АРХАНГЕЛЬСКАЯ ОБЛ,2022,2022Q4,0.0,4
АСТРАХАНСКАЯ ОБЛ,2018,2018Q1,0.08333333333333333,1
АСТРАХАНСКАЯ ОБЛ,2018,2018Q2,0.0,2
АСТРАХАНСКАЯ ОБЛ,2018,2018Q3,0.0,3
АСТРАХАНСКАЯ ОБЛ,2018,2018Q4,0.0,4
АСТРАХАНСКАЯ ОБЛ,2019,2019Q1,0.0,1
АСТРАХАНСКАЯ ОБЛ,2019,2019Q2,0.0,2
АСТРАХАНСКАЯ ОБЛ,2019,2019Q3,0.0,3
АСТРАХАНСКАЯ ОБЛ,2019,2019Q4,0.0,4
АСТРАХАНСКАЯ ОБЛ,2020,2020Q1,0.0,1
АСТРАХАНСКАЯ ОБЛ,2020,2020Q2,0.0,2
АСТРАХАНСКАЯ ОБЛ,2020,2020Q3,0.0,3
АСТРАХАНСКАЯ ОБЛ,2020,2020Q4,0.0061162079510703364,4
АСТРАХАНСКАЯ ОБЛ,2021,2021Q1,0.16666666666666666,1
АСТРАХАНСКАЯ ОБЛ,2021,2021Q2,0.0,2
АСТРАХАНСКАЯ ОБЛ,2021,2021Q3,0.08333333333333333,3
АСТРАХАНСКАЯ ОБЛ,2021,2021Q4,0.003205128205128205,4
АСТРАХАНСКАЯ ОБЛ,2022,2022Q1,0.0,1
АСТРАХАНСКАЯ ОБЛ,2022,2022Q2,0.0,2
АСТРАХАНСКАЯ ОБЛ,2022,2022Q3,0.043478260869565216,3
АСТРАХАНСКАЯ ОБЛ,2022,2022Q4,0.0,4
БАШКОРТОСТАН РЕСП.,2021,2021Q1,0.0,1
БАШКОРТОСТАН РЕСП.,2021,2021Q2,0.0,2
БАШКОРТОСТАН РЕСП.,2021,2021Q3,0.0,3
БАШКОРТОСТАН РЕСП.,2021,2021Q4,0.0,4
БАШКОРТОСТАН РЕСП.,2022,2022Q1,0.025,1
БАШКОРТОСТАН РЕСП.,2022,2022Q2,0.011764705882352941,2
БАШКОРТОСТАН РЕСП.,2022,2022Q3,0.0,3
БАШКОРТОСТАН РЕСП.,2022,2022Q4,0.0,4
БЕЛГОРОДСКАЯ ОБЛ,2018,2018Q1,0.026845637583892617,1
БЕЛГОРОДСКАЯ ОБЛ,2018,2018Q2,0.01,2
БЕЛГОРОДСКАЯ ОБЛ,2018,2018Q3,0.05333333333333334,3
БЕЛГОРОДСКАЯ ОБЛ,2018,2018Q4,0.018145161290322582,4
БЕЛГОРОДСКАЯ ОБЛ,2019,2019Q1,0.006666666666666667,1
БЕЛГОРОДСКАЯ ОБЛ,2019,2019Q2,0.010273972602739725,2
БЕЛГОРОДСКАЯ ОБЛ,2019,2019Q3,0.009708737864077669,3
БЕЛГОРОДСКАЯ ОБЛ,2019,2019Q4,0.0017667844522968198,4
БЕЛГОРОДСКАЯ ОБЛ,2020,2020Q1,0.0,1
БЕЛГОРОДСКАЯ ОБЛ,2020,2020Q2,0.0,2
БЕЛГОРОДСКАЯ ОБЛ,2020,2020Q3,0.0,3
БЕЛГОРОДСКАЯ ОБЛ,2020,2020Q4,0.027745664739884393,4
БЕЛГОРОДСКАЯ ОБЛ,2021,2021Q1,0.016025641025641024,1
БЕЛГОРОДСКАЯ ОБЛ,2021,2021Q2,0.021739130434782608,2
БЕЛГОРОДСКАЯ ОБЛ,2021,2021Q3,0.012861736334405145,3
БЕЛГОРОДСКАЯ ОБЛ,2021,2021Q4,0.013824884792626729,4
БЕЛГОРОДСКАЯ ОБЛ,2022,2022Q1,0.017676767676767676,1
БЕЛГОРОДСКАЯ ОБЛ,2022,2022Q2,0.015418502202643172,2
БЕЛГОРОДСКАЯ ОБЛ,2022,2022Q3,0.014861995753715499,3
БЕЛГОРОДСКАЯ ОБЛ,2022,2022Q4,0.0,4
БРЯНСКАЯ ОБЛ,2018,2018Q1,0.013157894736842105,1
БРЯНСКАЯ ОБЛ,2018,2018Q2,0.014492753623188406,2
БРЯНСКАЯ ОБЛ,2018,2018Q3,0.012987012987012988,3
БРЯНСКАЯ ОБЛ,2018,2018Q4,0.0,4
БРЯНСКАЯ ОБЛ,2019,2019Q1,0.0,1
БРЯНСКАЯ ОБЛ,2019,2019Q2,0.0,2
БРЯНСКАЯ ОБЛ,2019,2019Q3,0.013157894736842105,3
БРЯНСКАЯ ОБЛ,2019,2019Q4,0.0,4
БРЯНСКАЯ ОБЛ,2020,2020Q1,0.0,1
БРЯНСКАЯ ОБЛ,2020,2020Q2,0.0,2
БРЯНСКАЯ ОБЛ,2020,2020Q3,0.012048192771084338,3
БРЯНСКАЯ ОБЛ,2020,2020Q4,0.023622047244094488,4
БРЯНСКАЯ ОБЛ,2021,2021Q1,0.06097560975609756,1
БРЯНСКАЯ ОБЛ,2021,2021Q2,0.12162162162162163,2
БРЯНСКАЯ ОБЛ,2021,2021Q3,0.0,3
БРЯНСКАЯ ОБЛ,2021,2021Q4,0.02074688796680498,4
БРЯНСКАЯ ОБЛ,2022,2022Q1,0.0,1
БРЯНСКАЯ ОБЛ,2022,2022Q2,0.013157894736842105,2
БРЯНСКАЯ ОБЛ,2022,2022Q3,0.027777777777777776,3
БРЯНСКАЯ ОБЛ,2022,2022Q4,0.0,4
БУРЯТИЯ РЕСП,2018,2018Q1,0.04081632653061224,1
БУРЯТИЯ РЕСП,2018,2018Q2,0.02127659574468085,2
БУРЯТИЯ РЕСП,2018,2018Q3,0.0,3
БУРЯТИЯ РЕСП,2018,2018Q4,0.02631578947368421,4
БУРЯТИЯ РЕСП,2019,2019Q1,0.0,1
БУРЯТИЯ РЕСП,2019,2019Q2,0.0,2
БУРЯТИЯ РЕСП,2019,2019Q3,0.0,3
БУРЯТИЯ РЕСП,2019,2019Q4,0.006578947368421052,4
БУРЯТИЯ РЕСП,2020,2020Q1,0.0,1
БУРЯТИЯ РЕСП,2020,2020Q2,0.0,2
БУРЯТИЯ РЕСП,2020,2020Q3,0.0,3
БУРЯТИЯ РЕСП,2020,2020Q4,0.005555555555555556,4
БУРЯТИЯ РЕСП,2021,2021Q1,0.015151515151515152,1
БУРЯТИЯ РЕСП,2021,2021Q2,0.015625,2
БУРЯТИЯ РЕСП,2021,2021Q3,0.010416666666666666,3
БУРЯТИЯ РЕСП,2021,2021Q4,0.0045662100456621,4
БУРЯТИЯ РЕСП,2022,2022Q1,0.0,1
БУРЯТИЯ РЕСП,2022,2022Q2,0.020202020202020204,2
БУРЯТИЯ РЕСП,2022,2022Q3,0.007042253521126761,3
БУРЯТИЯ РЕСП,2022,2022Q4,0.0,4
ВЛАДИМИРСКАЯ ОБЛ,2018,2018Q1,0.0,1
ВЛАДИМИРСКАЯ ОБЛ,2018,2018Q2,0.0,2
ВЛАДИМИРСКАЯ ОБЛ,2018,2018Q3,0.0,3
ВЛАДИМИРСКАЯ ОБЛ,2018,2018Q4,0.01090909090909091,4
ВЛАДИМИРСКАЯ ОБЛ,2019,2019Q1,0.0,1
ВЛАДИМИРСКАЯ ОБЛ,2019,2019Q2,0.0,2
ВЛАДИМИРСКАЯ ОБЛ,2019,2019Q3,0.0,3
ВЛАДИМИРСКАЯ ОБЛ,2019,2019Q4,0.0,4
ВЛАДИМИРСКАЯ ОБЛ,2020,2020Q1,0.0,1
ВЛАДИМИРСКАЯ ОБЛ,2020,2020Q2,0.0,2
ВЛАДИМИРСКАЯ ОБЛ,2020,2020Q3,0.05,3
ВЛАДИМИРСКАЯ ОБЛ,2020,2020Q4,0.006825938566552901,4
ВЛАДИМИРСКАЯ ОБЛ,2021,2021Q1,0.043478260869565216,1
ВЛАДИМИРСКАЯ ОБЛ,2021,2021Q2,0.0,2
ВЛАДИМИРСКАЯ ОБЛ,2021,2021Q3,0.045454545454545456,3
ВЛАДИМИРСКАЯ ОБЛ,2021,2021Q4,0.0,4
ВЛАДИМИРСКАЯ ОБЛ,2022,2022Q1,0.0,1
ВЛАДИМИРСКАЯ ОБЛ,2022,2022Q2,0.0,2
ВЛАДИМИРСКАЯ ОБЛ,2022,2022Q3,0.0,3
ВЛАДИМИРСКАЯ ОБЛ,2022,2022Q4,0.0,4
ВОЛГОГРАДСКАЯ ОБЛ,2018,2018Q1,0.0,1
ВОЛГОГРАДСКАЯ ОБЛ,2018,2018Q2,0.0,2
ВОЛГОГРАДСКАЯ ОБЛ,2018,2018Q3,0.021739130434782608,3
ВОЛГОГРАДСКАЯ ОБЛ,2018,2018Q4,0.015,4
ВОЛГОГРАДСКАЯ ОБЛ,2019,2019Q1,0.027777777777777776,1
ВОЛГОГРАДСКАЯ ОБЛ,2019,2019Q2,0.0,2
ВОЛГОГРАДСКАЯ ОБЛ,2019,2019Q3,0.020833333333333332,3
ВОЛГОГРАДСКАЯ ОБЛ,2019,2019Q4,0.0,4
ВОЛГОГРАДСКАЯ ОБЛ,2020,2020Q1,0.0,1
ВОЛГОГРАДСКАЯ ОБЛ,2020,2020Q2,0.0,2
ВОЛГОГРАДСКАЯ ОБЛ,2020,2020Q3,0.0,3
ВОЛГОГРАДСКАЯ ОБЛ,2020,2020Q4,0.03153153153153153,4
ВОЛГОГРАДСКАЯ ОБЛ,2021,2021Q1,0.0,1
ВОЛГОГРАДСКАЯ ОБЛ,2021,2021Q2,0.0,2
ВОЛГОГРАДСКАЯ ОБЛ,2021,2021Q3,0.01694915254237288,3
ВОЛГОГРАДСКАЯ ОБЛ,2021,2021Q4,0.0163265306122449,4
ВОЛГОГРАДСКАЯ ОБЛ,2022,2022Q1,0.0,1
ВОЛГОГРАДСКАЯ ОБЛ,2022,2022Q2,0.024390243902439025,2
ВОЛГОГРАДСКАЯ ОБЛ,2022,2022Q3,0.056179775280898875,3
ВОЛГОГРАДСКАЯ ОБЛ,2022,2022Q4,0.0,4
ВОЛОГОДСКАЯ ОБЛ,2018,2018Q1,0.0214168039538715,1
ВОЛОГОДСКАЯ ОБЛ,2018,2018Q2,0.0117359413202934,2
ВОЛОГОДСКАЯ ОБЛ,2018,2018Q3,0.01189001733960862,3
ВОЛОГОДСКАЯ ОБЛ,2018,2018Q4,0.01452316527693412,4
ВОЛОГОДСКАЯ ОБЛ,2019,2019Q1,0.010381520892810797,1
ВОЛОГОДСКАЯ ОБЛ,2019,2019Q2,0.011658717541070483,2
ВОЛОГОДСКАЯ ОБЛ,2019,2019Q3,0.008967391304347826,3
ВОЛОГОДСКАЯ ОБЛ,2019,2019Q4,0.013617021276595745,4
ВОЛОГОДСКАЯ ОБЛ,2020,2020Q1,0.010148107515085025,1
ВОЛОГОДСКАЯ ОБЛ,2020,2020Q2,0.009706045479755962,2
ВОЛОГОДСКАЯ ОБЛ,2020,2020Q3,0.010375771172181716,3
ВОЛОГОДСКАЯ ОБЛ,2020,2020Q4,0.011906816220880068,4
ВОЛОГОДСКАЯ ОБЛ,2021,2021Q1,0.01078014184397163,1
ВОЛОГОДСКАЯ ОБЛ,2021,2021Q2,0.013401767892785858,2
ВОЛОГОДСКАЯ ОБЛ,2021,2021Q3,0.017306028266512834,3
ВОЛОГОДСКАЯ ОБЛ,2021,2021Q4,0.015759981321503618,4
ВОЛОГОДСКАЯ ОБЛ,2022,2022Q1,0.008524397413286302,1
ВОЛОГОДСКАЯ ОБЛ,2022,2022Q2,0.010161386730424387,2
ВОЛОГОДСКАЯ ОБЛ,2022,2022Q3,0.004774694121157864,3
ВОЛОГОДСКАЯ ОБЛ,2022,2022Q4,0.0,4
ВОРОНЕЖСКАЯ ОБЛ,2018,2018Q1,0.03508771929824561,1
ВОРОНЕЖСКАЯ ОБЛ,2018,2018Q2,0.015873015873015872,2
ВОРОНЕЖСКАЯ ОБЛ,2018,2018Q3,0.01639344262295082,3
ВОРОНЕЖСКАЯ ОБЛ,2018,2018Q4,0.0125,4
ВОРОНЕЖСКАЯ ОБЛ,2019,2019Q1,0.11940298507462686,1
ВОРОНЕЖСКАЯ ОБЛ,2019,2019Q2,0.015873015873015872,2
ВОРОНЕЖСКАЯ ОБЛ,2019,2019Q3,0.016129032258064516,3
ВОРОНЕЖСКАЯ ОБЛ,2019,2019Q4,0.0,4
ВОРОНЕЖСКАЯ ОБЛ,2020,2020Q1,0.0,1
ВОРОНЕЖСКАЯ ОБЛ,2020,2020Q2,0.0,2
ВОРОНЕЖСКАЯ ОБЛ,2020,2020Q3,0.0,3
ВОРОНЕЖСКАЯ ОБЛ,2020,2020Q4,0.008823529411764706,4
ВОРОНЕЖСКАЯ ОБЛ,2021,2021Q1,0.019230769230769232,1
ВОРОНЕЖСКАЯ ОБЛ,2021,2021Q2,0.043478260869565216,2
ВОРОНЕЖСКАЯ ОБЛ,2021,2021Q3,0.027777777777777776,3
ВОРОНЕЖСКАЯ ОБЛ,2021,2021Q4,0.017045454545454544,4
ВОРОНЕЖСКАЯ ОБЛ,2022,2022Q1,0.0,1
ВОРОНЕЖСКАЯ ОБЛ,2022,2022Q2,0.024691358024691357,2
ВОРОНЕЖСКАЯ ОБЛ,2022,2022Q3,0.0,3
ВОРОНЕЖСКАЯ ОБЛ,2022,2022Q4,0.0,4
ДАГЕСТАН РЕСП,2018,2018Q1,0.1111111111111111,1
ДАГЕСТАН РЕСП,2018,2018Q2,0.0,2
ДАГЕСТАН РЕСП,2018,2018Q3,0.0,3
ДАГЕСТАН РЕСП,2018,2018Q4,0.0,4
ДАГЕСТАН РЕСП,2019,2019Q1,0.0,1
ДАГЕСТАН РЕСП,2019,2019Q2,0.0,2
ДАГЕСТАН РЕСП,2019,2019Q3,0.0,3
ДАГЕСТАН РЕСП,2019,2019Q4,0.0,4
ДАГЕСТАН РЕСП,2020,2020Q1,0.0,1
ДАГЕСТАН РЕСП,2020,2020Q2,0.0,2
ДАГЕСТАН РЕСП,2020,2020Q3,0.0,3
ДАГЕСТАН РЕСП,2020,2020Q4,0.0,4
ДАГЕСТАН РЕСП,2021,2021Q1,0.1,1
ДАГЕСТАН РЕСП,2021,2021Q2,0.0,2
ДАГЕСТАН РЕСП,2021,2021Q3,0.0,3
ДАГЕСТАН РЕСП,2021,2021Q4,0.0,4
ДАГЕСТАН РЕСП,2022,2022Q1,0.0,1
ДАГЕСТАН РЕСП,2022,2022Q2,0.0,2
ДАГЕСТАН РЕСП,2022,2022Q3,0.0,3
ДАГЕСТАН РЕСП,2022,2022Q4,0.0,4
ЕВРЕЙСКАЯ АОБЛ,2018,2018Q4,0.0,4
ЕВРЕЙСКАЯ АОБЛ,2019,2019Q4,0.0,4
ЕВРЕЙСКАЯ АОБЛ,2020,2020Q4,0.0,4
ЕВРЕЙСКАЯ АОБЛ,2021,2021Q4,0.017543859649122806,4
ЕВРЕЙСКАЯ АОБЛ,2022,2022Q1,0.0,1
ЕВРЕЙСКАЯ АОБЛ,2022,2022Q2,0.0,2
ЗАБАЙКАЛЬСКИЙ КРАЙ,2018,2018Q1,0.1111111111111111,1
ЗАБАЙКАЛЬСКИЙ КРАЙ,2018,2018Q2,0.0,2
ЗАБАЙКАЛЬСКИЙ КРАЙ,2018,2018Q3,0.0,3
ЗАБАЙКАЛЬСКИЙ КРАЙ,2018,2018Q4,0.0,4
ЗАБАЙКАЛЬСКИЙ КРАЙ,2019,2019Q1,0.0,1
ЗАБАЙКАЛЬСКИЙ КРАЙ,2019,2019Q2,0.0,2
ЗАБАЙКАЛЬСКИЙ КРАЙ,2019,2019Q3,0.0,3
ЗАБАЙКАЛЬСКИЙ КРАЙ,2019,2019Q4,0.0,4
ЗАБАЙКАЛЬСКИЙ КРАЙ,2020,2020Q1,0.0,1
ЗАБАЙКАЛЬСКИЙ КРАЙ,2020,2020Q2,0.0,2
ЗАБАЙКАЛЬСКИЙ КРАЙ,2020,2020Q3,0.0,3
ЗАБАЙКАЛЬСКИЙ КРАЙ,2020,2020Q4,0.0,4
ЗАБАЙКАЛЬСКИЙ КРАЙ,2021,2021Q1,0.125,1
ЗАБАЙКАЛЬСКИЙ КРАЙ,2021,2021Q2,0.05555555555555555,2
ЗАБАЙКАЛЬСКИЙ КРАЙ,2021,2021Q3,0.08,3
ЗАБАЙКАЛЬСКИЙ КРАЙ,2021,2021Q4,0.0,4
ЗАБАЙКАЛЬСКИЙ КРАЙ,2022,2022Q1,0.05,1
ЗАБАЙКАЛЬСКИЙ КРАЙ,2022,2022Q2,0.09523809523809523,2
ЗАБАЙКАЛЬСКИЙ КРАЙ,2022,2022Q3,0.0,3
ЗАБАЙКАЛЬСКИЙ КРАЙ,2022,2022Q4,0.0,4
ИВАНОВСКАЯ ОБЛ,2018,2018Q1,0.023809523809523808,1
ИВАНОВСКАЯ ОБЛ,2018,2018Q2,0.09523809523809523,2
ИВАНОВСКАЯ ОБЛ,2018,2018Q3,0.05128205128205128,3
ИВАНОВСКАЯ ОБЛ,2018,2018Q4,0.007042253521126761,4
ИВАНОВСКАЯ ОБЛ,2019,2019Q1,0.0,1
ИВАНОВСКАЯ ОБЛ,2019,2019Q2,0.0,2
ИВАНОВСКАЯ ОБЛ,2019,2019Q3,0.0,3
ИВАНОВСКАЯ ОБЛ,2019,2019Q4,0.0,4
ИВАНОВСКАЯ ОБЛ,2020,2020Q1,0.0,1
ИВАНОВСКАЯ ОБЛ,2020,2020Q2,0.0,2
ИВАНОВСКАЯ ОБЛ,2020,2020Q3,0.0,3
ИВАНОВСКАЯ ОБЛ,2020,2020Q4,0.0,4
ИВАНОВСКАЯ ОБЛ,2021,2021Q1,0.03571428571428571,1
ИВАНОВСКАЯ ОБЛ,2021,2021Q2,0.04,2
ИВАНОВСКАЯ ОБЛ,2021,2021Q3,0.0,3
ИВАНОВСКАЯ ОБЛ,2021,2021Q4,0.012903225806451613,4
ИВАНОВСКАЯ ОБЛ,2022,2022Q1,0.0,1
ИВАНОВСКАЯ ОБЛ,2022,2022Q2,0.0,2
ИВАНОВСКАЯ ОБЛ,2022,2022Q3,0.0,3
ИВАНОВСКАЯ ОБЛ,2022,2022Q4,0.0,4
ИНГУШЕТИЯ РЕСП,2018,2018Q1,0.0,1
ИНГУШЕТИЯ РЕСП,2018,2018Q2,1.0,2
ИНГУШЕТИЯ РЕСП,2018,2018Q4,0.0,4
ИНГУШЕТИЯ РЕСП,2019,2019Q4,0.0,4
ИНГУШЕТИЯ РЕСП,2020,2020Q1,0.0,1
ИНГУШЕТИЯ РЕСП,2020,2020Q2,0.0,2
ИНГУШЕТИЯ РЕСП,2020,2020Q3,0.0,3
ИНГУШЕТИЯ РЕСП,2020,2020Q4,0.0,4
ИНГУШЕТИЯ РЕСП,2021,2021Q1,0.0,1
ИНГУШЕТИЯ РЕСП,2021,2021Q2,0.2,2
ИНГУШЕТИЯ РЕСП,2021,2021Q3,0.0,3
ИНГУШЕТИЯ РЕСП,2021,2021Q4,0.0,4
ИНГУШЕТИЯ РЕСП,2022,2022Q1,0.0,1
ИНГУШЕТИЯ РЕСП,2022,2022Q2,0.0,2
ИНГУШЕТИЯ РЕСП,2022,2022Q3,0.0,3
ИНГУШЕТИЯ РЕСП,2022,2022Q4,0.0,4
ИРКУТСКАЯ ОБЛ,2018,2018Q1,0.012244897959183673,1
ИРКУТСКАЯ ОБЛ,2018,2018Q2,0.009103977000479156,2
ИРКУТСКАЯ ОБЛ,2018,2018Q3,0.01021355617455896,3
ИРКУТСКАЯ ОБЛ,2018,2018Q4,0.0114305507447177,4
ИРКУТСКАЯ ОБЛ,2019,2019Q1,0.005957446808510639,1
ИРКУТСКАЯ ОБЛ,2019,2019Q2,0.006600660066006601,2
ИРКУТСКАЯ ОБЛ,2019,2019Q3,0.0023837902264600714,3
ИРКУТСКАЯ ОБЛ,2019,2019Q4,0.005131300935707818,4
ИРКУТСКАЯ ОБЛ,2020,2020Q1,0.003720238095238095,1
ИРКУТСКАЯ ОБЛ,2020,2020Q2,0.003236245954692557,2
ИРКУТСКАЯ ОБЛ,2020,2020Q3,0.003832752613240418,3
ИРКУТСКАЯ ОБЛ,2020,2020Q4,0.03598484848484849,4
ИРКУТСКАЯ ОБЛ,2021,2021Q1,0.028638814016172506,1
ИРКУТСКАЯ ОБЛ,2021,2021Q2,0.007011686143572621,2
ИРКУТСКАЯ ОБЛ,2021,2021Q3,0.01241830065359477,3
ИРКУТСКАЯ ОБЛ,2021,2021Q4,0.009634888438133874,4
ИРКУТСКАЯ ОБЛ,2022,2022Q1,0.018412315122245698,1
ИРКУТСКАЯ ОБЛ,2022,2022Q2,0.021364985163204748,2
ИРКУТСКАЯ ОБЛ,2022,2022Q3,0.011841326228537596,3
ИРКУТСКАЯ ОБЛ,2022,2022Q4,0.0,4
КАБАРДИНО-БАЛКАРСКАЯ РЕСП,2018,2018Q1,0.0,1
КАБАРДИНО-БАЛКАРСКАЯ РЕСП,2018,2018Q2,0.0,2
КАБАРДИНО-БАЛКАРСКАЯ РЕСП,2018,2018Q3,0.0,3
КАБАРДИНО-БАЛКАРСКАЯ РЕСП,2018,2018Q4,0.0,4
КАБАРДИНО-БАЛКАРСКАЯ РЕСП,2019,2019Q1,0.0,1
КАБАРДИНО-БАЛКАРСКАЯ РЕСП,2019,2019Q2,0.0,2
КАБАРДИНО-БАЛКАРСКАЯ РЕСП,2019,2019Q3,0.0,3
КАБАРДИНО-БАЛКАРСКАЯ РЕСП,2019,2019Q4,0.0,4
КАБАРДИНО-БАЛКАРСКАЯ РЕСП,2020,2020Q1,0.0,1
КАБАРДИНО-БАЛКАРСКАЯ РЕСП,2020,2020Q2,0.0,2
КАБАРДИНО-БАЛКАРСКАЯ РЕСП,2020,2020Q3,0.0,3
КАБАРДИНО-БАЛКАРСКАЯ РЕСП,2020,2020Q4,0.0,4
КАБАРДИНО-БАЛКАРСКАЯ РЕСП,2021,2021Q1,0.0,1
КАБАРДИНО-БАЛКАРСКАЯ РЕСП,2021,2021Q2,0.0,2
КАБАРДИНО-БАЛКАРСКАЯ РЕСП,2021,2021Q3,0.0,3
КАБАРДИНО-БАЛКАРСКАЯ РЕСП,2021,2021Q4,0.0,4
КАБАРДИНО-БАЛКАРСКАЯ РЕСП,2022,2022Q1,0.0,1
КАБАРДИНО-БАЛКАРСКАЯ РЕСП,2022,2022Q2,0.0,2
КАБАРДИНО-БАЛКАРСКАЯ РЕСП,2022,2022Q3,0.0,3
КАБАРДИНО-БАЛКАРСКАЯ РЕСП,2022,2022Q4,0.0,4
КАЛИНИНГРАДСКАЯ ОБЛ,2018,2018Q1,0.0,1
КАЛИНИНГРАДСКАЯ ОБЛ,2018,2018Q2,0.0,2
КАЛИНИНГРАДСКАЯ ОБЛ,2018,2018Q3,0.13333333333333333,3
КАЛИНИНГРАДСКАЯ ОБЛ,2018,2018Q4,0.0,4
КАЛИНИНГРАДСКАЯ ОБЛ,2019,2019Q1,0.0,1
КАЛИНИНГРАДСКАЯ ОБЛ,2019,2019Q2,0.0,2
КАЛИНИНГРАДСКАЯ ОБЛ,2019,2019Q3,0.0,3
КАЛИНИНГРАДСКАЯ ОБЛ,2019,2019Q4,0.012903225806451613,4
КАЛИНИНГРАДСКАЯ ОБЛ,2020,2020Q1,0.0,1
КАЛИНИНГРАДСКАЯ ОБЛ,2020,2020Q2,0.0,2
КАЛИНИНГРАДСКАЯ ОБЛ,2020,2020Q3,0.0,3
КАЛИНИНГРАДСКАЯ ОБЛ,2020,2020Q4,0.006493506493506494,4
КАЛИНИНГРАДСКАЯ ОБЛ,2021,2021Q1,0.0,1
КАЛИНИНГРАДСКАЯ ОБЛ,2021,2021Q2,0.06666666666666667,2
КАЛИНИНГРАДСКАЯ ОБЛ,2021,2021Q3,0.0,3
КАЛИНИНГРАДСКАЯ ОБЛ,2021,2021Q4,0.006060606060606061,4
КАЛИНИНГРАДСКАЯ ОБЛ,2022,2022Q1,0.0,1
КАЛИНИНГРАДСКАЯ ОБЛ,2022,2022Q2,0.0,2
КАЛИНИНГРАДСКАЯ ОБЛ,2022,2022Q3,0.0,3
КАЛИНИНГРАДСКАЯ ОБЛ,2022,2022Q4,0.0,4
КАЛМЫКИЯ РЕСП,2018,2018Q1,0.0,1
КАЛМЫКИЯ РЕСП,2018,2018Q2,0.0,2
КАЛМЫКИЯ РЕСП,2018,2018Q3,0.0,3
КАЛМЫКИЯ РЕСП,2018,2018Q4,0.0,4
КАЛМЫКИЯ РЕСП,2019,2019Q4,0.0,4
КАЛМЫКИЯ РЕСП,2020,2020Q2,0.0,2
КАЛМЫКИЯ РЕСП,2020,2020Q3,0.0,3
КАЛМЫКИЯ РЕСП,2020,2020Q4,0.0,4
КАЛМЫКИЯ РЕСП,2021,2021Q2,0.0,2
КАЛМЫКИЯ РЕСП,2021,2021Q3,0.0,3
КАЛМЫКИЯ РЕСП,2021,2021Q4,0.0,4
КАЛМЫКИЯ РЕСП,2022,2022Q1,0.0,1
КАЛМЫКИЯ РЕСП,2022,2022Q2,0.0,2
КАЛМЫКИЯ РЕСП,2022,2022Q3,0.0,3
КАЛМЫКИЯ РЕСП,2022,2022Q4,0.0,4
КАЛУЖСКАЯ ОБЛ,2018,2018Q1,0.03571428571428571,1
КАЛУЖСКАЯ ОБЛ,2018,2018Q2,0.0,2
КАЛУЖСКАЯ ОБЛ,2018,2018Q3,0.0,3
КАЛУЖСКАЯ ОБЛ,2018,2018Q4,0.0070921985815602835,4
КАЛУЖСКАЯ ОБЛ,2019,2019Q1,0.041666666666666664,1
КАЛУЖСКАЯ ОБЛ,2019,2019Q2,0.037037037037037035,2
КАЛУЖСКАЯ ОБЛ,2019,2019Q3,0.0,3
КАЛУЖСКАЯ ОБЛ,2019,2019Q4,0.013793103448275862,4
КАЛУЖСКАЯ ОБЛ,2020,2020Q1,0.07142857142857142,1
КАЛУЖСКАЯ ОБЛ,2020,2020Q2,0.0,2
КАЛУЖСКАЯ ОБЛ,2020,2020Q3,0.0,3
КАЛУЖСКАЯ ОБЛ,2020,2020Q4,0.00684931506849315,4
КАЛУЖСКАЯ ОБЛ,2021,2021Q1,0.037037037037037035,1
КАЛУЖСКАЯ ОБЛ,2021,2021Q2,0.038461538461538464,2
КАЛУЖСКАЯ ОБЛ,2021,2021Q3,0.0,3
КАЛУЖСКАЯ ОБЛ,2021,2021Q4,0.0136986301369863,4
КАЛУЖСКАЯ ОБЛ,2022,2022Q1,0.0,1
КАЛУЖСКАЯ ОБЛ,2022,2022Q2,0.06060606060606061,2
КАЛУЖСКАЯ ОБЛ,2022,2022Q3,0.0,3
КАЛУЖСКАЯ ОБЛ,2022,2022Q4,0.0,4
КАМЧАТСКИЙ КРАЙ,2018,2018Q1,0.0,1
КАМЧАТСКИЙ КРАЙ,2018,2018Q2,0.0,2
КАМЧАТСКИЙ КРАЙ,2018,2018Q3,0.25,3
КАМЧАТСКИЙ КРАЙ,2018,2018Q4,0.0,4
КАМЧАТСКИЙ КРАЙ,2019,2019Q1,0.0,1
КАМЧАТСКИЙ КРАЙ,2019,2019Q2,0.0,2
КАМЧАТСКИЙ КРАЙ,2019,2019Q3,0.0,3
КАМЧАТСКИЙ КРАЙ,2019,2019Q4,0.0,4
КАМЧАТСКИЙ КРАЙ,2020,2020Q1,0.0,1
КАМЧАТСКИЙ КРАЙ,2020,2020Q2,0.0,2
КАМЧАТСКИЙ КРАЙ,2020,2020Q3,0.0,3
КАМЧАТСКИЙ КРАЙ,2020,2020Q4,0.0,4
КАМЧАТСКИЙ КРАЙ,2021,2021Q1,0.0,1
КАМЧАТСКИЙ КРАЙ,2021,2021Q2,0.0,2
КАМЧАТСКИЙ КРАЙ,2021,2021Q3,0.0,3
КАМЧАТСКИЙ КРАЙ,2021,2021Q4,0.0,4
КАМЧАТСКИЙ КРАЙ,2022,2022Q1,0.0,1
КАМЧАТСКИЙ КРАЙ,2022,2022Q2,0.0,2
КАМЧАТСКИЙ КРАЙ,2022,2022Q3,0.0,3
КАМЧАТСКИЙ КРАЙ,2022,2022Q4,0.0,4
КАРАЧАЕВО-ЧЕРКЕССКАЯ РЕСП,2018,2018Q1,0.05263157894736842,1
КАРАЧАЕВО-ЧЕРКЕССКАЯ РЕСП,2018,2018Q2,0.05555555555555555,2
КАРАЧАЕВО-ЧЕРКЕССКАЯ РЕСП,2018,2018Q3,0.05555555555555555,3
КАРАЧАЕВО-ЧЕРКЕССКАЯ РЕСП,2018,2018Q4,0.0,4
КАРАЧАЕВО-ЧЕРКЕССКАЯ РЕСП,2019,2019Q1,0.0,1
КАРАЧАЕВО-ЧЕРКЕССКАЯ РЕСП,2019,2019Q2,0.0,2
КАРАЧАЕВО-ЧЕРКЕССКАЯ РЕСП,2019,2019Q3,0.0,3
КАРАЧАЕВО-ЧЕРКЕССКАЯ РЕСП,2019,2019Q4,0.0,4
КАРАЧАЕВО-ЧЕРКЕССКАЯ РЕСП,2020,2020Q1,0.0,1
КАРАЧАЕВО-ЧЕРКЕССКАЯ РЕСП,2020,2020Q2,0.0,2
КАРАЧАЕВО-ЧЕРКЕССКАЯ РЕСП,2020,2020Q3,0.0,3
КАРАЧАЕВО-ЧЕРКЕССКАЯ РЕСП,2020,2020Q4,0.035398230088495575,4
КАРАЧАЕВО-ЧЕРКЕССКАЯ РЕСП,2021,2021Q1,0.043478260869565216,1
КАРАЧАЕВО-ЧЕРКЕССКАЯ РЕСП,2021,2021Q2,0.047619047619047616,2
КАРАЧАЕВО-ЧЕРКЕССКАЯ РЕСП,2021,2021Q3,0.0,3
КАРАЧАЕВО-ЧЕРКЕССКАЯ РЕСП,2021,2021Q4,0.0,4
КАРАЧАЕВО-ЧЕРКЕССКАЯ РЕСП,2022,2022Q1,0.037037037037037035,1
КАРАЧАЕВО-ЧЕРКЕССКАЯ РЕСП,2022,2022Q2,0.038461538461538464,2
КАРАЧАЕВО-ЧЕРКЕССКАЯ РЕСП,2022,2022Q3,0.0,3
КАРАЧАЕВО-ЧЕРКЕССКАЯ РЕСП,2022,2022Q4,0.0,4
КАРЕЛИЯ РЕСП,2018,2018Q1,0.034653465346534656,1
КАРЕЛИЯ РЕСП,2018,2018Q2,0.02040816326530612,2
КАРЕЛИЯ РЕСП,2018,2018Q3,0.010101010101010102,3
КАРЕЛИЯ РЕСП,2018,2018Q4,0.016317016317016316,4
КАРЕЛИЯ РЕСП,2019,2019Q1,0.021505376344086023,1
КАРЕЛИЯ РЕСП,2019,2019Q2,0.011235955056179775,2
КАРЕЛИЯ РЕСП,2019,2019Q3,0.0058823529411764705,3
КАРЕЛИЯ РЕСП,2019,2019Q4,0.01273148148148148,4
КАРЕЛИЯ РЕСП,2020,2020Q1,0.016574585635359115,1
КАРЕЛИЯ РЕСП,2020,2020Q2,0.017964071856287425,2
КАРЕЛИЯ РЕСП,2020,2020Q3,0.012578616352201259,3
КАРЕЛИЯ РЕСП,2020,2020Q4,0.006082725060827251,4
КАРЕЛИЯ РЕСП,2021,2021Q1,0.013071895424836602,1
КАРЕЛИЯ РЕСП,2021,2021Q2,0.013071895424836602,2
КАРЕЛИЯ РЕСП,2021,2021Q3,0.012578616352201259,3
КАРЕЛИЯ РЕСП,2021,2021Q4,0.004678362573099415,4
КАРЕЛИЯ РЕСП,2022,2022Q1,0.013513513513513514,1
КАРЕЛИЯ РЕСП,2022,2022Q2,0.007352941176470588,2
КАРЕЛИЯ РЕСП,2022,2022Q3,0.015151515151515152,3
КАРЕЛИЯ РЕСП,2022,2022Q4,0.0,4
КЕМЕРОВСКАЯ ОБЛ,2018,2018Q1,0.0,1
КЕМЕРОВСКАЯ ОБЛ,2018,2018Q2,0.05,2
КЕМЕРОВСКАЯ ОБЛ,2018,2018Q3,0.0,3
КЕМЕРОВСКАЯ ОБЛ,2018,2018Q4,0.0,4
КЕМЕРОВСКАЯ ОБЛ,2019,2019Q1,0.0,1
КЕМЕРОВСКАЯ ОБЛ,2019,2019Q2,0.0,2
КЕМЕРОВСКАЯ ОБЛ,2019,2019Q3,0.0,3
КЕМЕРОВСКАЯ ОБЛ,2019,2019Q4,0.0,4
КЕМЕРОВСКАЯ ОБЛ,2020,2020Q1,0.0,1
КЕМЕРОВСКАЯ ОБЛ,2020,2020Q2,0.0,2
КЕМЕРОВСКАЯ ОБЛ,2020,2020Q3,0.0,3
КЕМЕРОВСКАЯ ОБЛ,2020,2020Q4,0.03225806451612903,4
КЕМЕРОВСКАЯ ОБЛ,2021,2021Q1,0.0,1
КЕМЕРОВСКАЯ ОБЛ,2021,2021Q2,0.0,2
КЕМЕРОВСКАЯ ОБЛ,2021,2021Q3,0.0,3
КЕМЕРОВСКАЯ ОБЛ,2021,2021Q4,0.0,4
КЕМЕРОВСКАЯ ОБЛ,2022,2022Q1,0.0,1
КЕМЕРОВСКАЯ ОБЛ,2022,2022Q2,0.05263157894736842,2
КЕМЕРОВСКАЯ ОБЛ,2022,2022Q3,0.0625,3
КЕМЕРОВСКАЯ ОБЛ,2022,2022Q4,0.0,4
КИРОВСКАЯ ОБЛ,2018,2018Q1,0.0,1
КИРОВСКАЯ ОБЛ,2018,2018Q2,0.0,2
КИРОВСКАЯ ОБЛ,2018,2018Q3,0.0,3
КИРОВСКАЯ ОБЛ,2018,2018Q4,0.014492753623188406,4
КИРОВСКАЯ ОБЛ,2019,2019Q1,0.0196078431372549,1
КИРОВСКАЯ ОБЛ,2019,2019Q2,0.0,2
КИРОВСКАЯ ОБЛ,2019,2019Q3,0.0,3
КИРОВСКАЯ ОБЛ,2019,2019Q4,0.0,4
КИРОВСКАЯ ОБЛ,2020,2020Q1,0.0,1
КИРОВСКАЯ ОБЛ,2020,2020Q2,0.0,2
КИРОВСКАЯ ОБЛ,2020,2020Q3,0.0,3
КИРОВСКАЯ ОБЛ,2020,2020Q4,0.020134228187919462,4
КИРОВСКАЯ ОБЛ,2021,2021Q1,0.08333333333333333,1
КИРОВСКАЯ ОБЛ,2021,2021Q2,0.0,2
КИРОВСКАЯ ОБЛ,2021,2021Q3,0.0,3
КИРОВСКАЯ ОБЛ,2021,2021Q4,0.0,4
КИРОВСКАЯ ОБЛ,2022,2022Q1,0.0,1
КИРОВСКАЯ ОБЛ,2022,2022Q2,0.047619047619047616,2
КИРОВСКАЯ ОБЛ,2022,2022Q3,0.0,3
КИРОВСКАЯ ОБЛ,2022,2022Q4,0.0,4
КОМИ РЕСП,2018,2018Q1,0.01256281407035176,1
КОМИ РЕСП,2018,2018Q2,0.00963855421686747,2
КОМИ РЕСП,2018,2018Q3,0.013856812933025405,3
КОМИ РЕСП,2018,2018Q4,0.011315417256011316,4
КОМИ РЕСП,2019,2019Q1,0.01545253863134658,1
КОМИ РЕСП,2019,2019Q2,0.010964912280701754,2
КОМИ РЕСП,2019,2019Q3,0.020361990950226245,3
КОМИ РЕСП,2019,2019Q4,0.004032258064516129,4
КОМИ РЕСП,2020,2020Q1,0.0,1
КОМИ РЕСП,2020,2020Q2,0.0,2
КОМИ РЕСП,2020,2020Q3,0.0,3
КОМИ РЕСП,2020,2020Q4,0.07142857142857142,4
КОМИ РЕСП,2021,2021Q1,0.04020100502512563,1
КОМИ РЕСП,2021,2021Q2,0.013262599469496022,2
КОМИ РЕСП,2021,2021Q3,0.021108179419525065,3
КОМИ РЕСП,2021,2021Q4,0.0113314447592068,4
КОМИ РЕСП,2022,2022Q1,0.024324324324324326,1
КОМИ РЕСП,2022,2022Q2,0.008021390374331552,2
КОМИ РЕСП,2022,2022Q3,0.004987531172069825,3
КОМИ РЕСП,2022,2022Q4,0.0,4
КОСТРОМСКАЯ ОБЛ,2018,2018Q1,0.058823529411764705,1
КОСТРОМСКАЯ ОБЛ,2018,2018Q2,0.06666666666666667,2
КОСТРОМСКАЯ ОБЛ,2018,2018Q3,0.0,3
КОСТРОМСКАЯ ОБЛ,2018,2018Q4,0.01,4
КОСТРОМСКАЯ ОБЛ,2019,2019Q1,0.0,1
КОСТРОМСКАЯ ОБЛ,2019,2019Q2,0.0,2
КОСТРОМСКАЯ ОБЛ,2019,2019Q3,0.0,3
КОСТРОМСКАЯ ОБЛ,2019,2019Q4,0.0,4
КОСТРОМСКАЯ ОБЛ,2020,2020Q1,0.0,1
КОСТРОМСКАЯ ОБЛ,2020,2020Q2,0.0,2
КОСТРОМСКАЯ ОБЛ,2020,2020Q3,0.0,3
КОСТРОМСКАЯ ОБЛ,2020,2020Q4,0.009259259259259259,4
КОСТРОМСКАЯ ОБЛ,2021,2021Q1,0.10526315789473684,1
КОСТРОМСКАЯ ОБЛ,2021,2021Q2,0.07142857142857142,2
КОСТРОМСКАЯ ОБЛ,2021,2021Q3,0.0,3
КОСТРОМСКАЯ ОБЛ,2021,2021Q4,0.0,4
КОСТРОМСКАЯ ОБЛ,2022,2022Q1,0.0,1
КОСТРОМСКАЯ ОБЛ,2022,2022Q2,0.0,2
КОСТРОМСКАЯ ОБЛ,2022,2022Q3,0.0,3
КОСТРОМСКАЯ ОБЛ,2022,2022Q4,0.0,4
КРАСНОДАРСКИЙ КРАЙ,2018,2018Q1,0.022628372497824196,1
КРАСНОДАРСКИЙ КРАЙ,2018,2018Q2,0.017355371900826446,2
КРАСНОДАРСКИЙ КРАЙ,2018,2018Q3,0.024529844644317254,3
КРАСНОДАРСКИЙ КРАЙ,2018,2018Q4,0.023529411764705882,4
КРАСНОДАРСКИЙ КРАЙ,2019,2019Q1,0.01484375,1
КРАСНОДАРСКИЙ КРАЙ,2019,2019Q2,0.02109375,2
КРАСНОДАРСКИЙ КРАЙ,2019,2019Q3,0.015174506828528073,3
КРАСНОДАРСКИЙ КРАЙ,2019,2019Q4,0.0035842293906810036,4
КРАСНОДАРСКИЙ КРАЙ,2020,2020Q1,0.0021474588403722263,1
КРАСНОДАРСКИЙ КРАЙ,2020,2020Q2,0.0006920415224913495,2
КРАСНОДАРСКИЙ КРАЙ,2020,2020Q3,0.0006720430107526882,3
КРАСНОДАРСКИЙ КРАЙ,2020,2020Q4,0.07441860465116279,4
КРАСНОДАРСКИЙ КРАЙ,2021,2021Q1,0.036542515811665496,1
КРАСНОДАРСКИЙ КРАЙ,2021,2021Q2,0.040316774658027354,2
КРАСНОДАРСКИЙ КРАЙ,2021,2021Q3,0.030882352941176472,3
КРАСНОДАРСКИЙ КРАЙ,2021,2021Q4,0.017610661589719183,4
КРАСНОДАРСКИЙ КРАЙ,2022,2022Q1,0.0180064308681672,1
КРАСНОДАРСКИЙ КРАЙ,2022,2022Q2,0.03896103896103896,2
КРАСНОДАРСКИЙ КРАЙ,2022,2022Q3,0.017601043024771838,3
КРАСНОДАРСКИЙ КРАЙ,2022,2022Q4,0.0,4
КРАСНОЯРСКИЙ КРАЙ,2018,2018Q1,0.023809523809523808,1
КРАСНОЯРСКИЙ КРАЙ,2018,2018Q2,0.02286401925391095,2
КРАСНОЯРСКИЙ КРАЙ,2018,2018Q3,0.02120141342756184,3
КРАСНОЯРСКИЙ КРАЙ,2018,2018Q4,0.026794258373205742,4
КРАСНОЯРСКИЙ КРАЙ,2019,2019Q1,0.016930022573363433,1
КРАСНОЯРСКИЙ КРАЙ,2019,2019Q2,0.017660044150110375,2
КРАСНОЯРСКИЙ КРАЙ,2019,2019Q3,0.008839779005524863,3
КРАСНОЯРСКИЙ КРАЙ,2019,2019Q4,0.00265017667844523,4
КРАСНОЯРСКИЙ КРАЙ,2020,2020Q1,0.0,1
КРАСНОЯРСКИЙ КРАЙ,2020,2020Q2,0.0010298661174047373,2
КРАСНОЯРСКИЙ КРАЙ,2020,2020Q3,0.0,3
КРАСНОЯРСКИЙ КРАЙ,2020,2020Q4,0.06838905775075987,4
КРАСНОЯРСКИЙ КРАЙ,2021,2021Q1,0.05165692007797271,1
КРАСНОЯРСКИЙ КРАЙ,2021,2021Q2,0.023414634146341463,2
КРАСНОЯРСКИЙ КРАЙ,2021,2021Q3,0.025112107623318385,3
КРАСНОЯРСКИЙ КРАЙ,2021,2021Q4,0.018799710773680405,4
КРАСНОЯРСКИЙ КРАЙ,2022,2022Q1,0.0272,1
КРАСНОЯРСКИЙ КРАЙ,2022,2022Q2,0.028294862248696945,2
КРАСНОЯРСКИЙ КРАЙ,2022,2022Q3,0.02494802494802495,3
КРАСНОЯРСКИЙ КРАЙ,2022,2022Q4,0.0,4
КРЫМ РЕСП,2018,2018Q1,0.0,1
КРЫМ РЕСП,2018,2018Q2,0.0,2
КРЫМ РЕСП,2018,2018Q3,0.3333333333333333,3
КРЫМ РЕСП,2018,2018Q4,0.0,4
КРЫМ РЕСП,2019,2019Q1,0.0,1
КРЫМ РЕСП,2019,2019Q2,0.0,2
КРЫМ РЕСП,2019,2019Q3,0.0,3
КРЫМ РЕСП,2019,2019Q4,0.0,4
КРЫМ РЕСП,2020,2020Q1,0.0,1
КРЫМ РЕСП,2020,2020Q2,0.0,2
КРЫМ РЕСП,2020,2020Q3,0.0,3
КРЫМ РЕСП,2020,2020Q4,0.01818181818181818,4
КРЫМ РЕСП,2021,2021Q1,0.0,1
КРЫМ РЕСП,2021,2021Q2,0.0,2
КРЫМ РЕСП,2021,2021Q3,0.0,3
КРЫМ РЕСП,2021,2021Q4,0.01639344262295082,4
КРЫМ РЕСП,2022,2022Q1,0.0,1
КРЫМ РЕСП,2022,2022Q2,0.0,2
КРЫМ РЕСП,2022,2022Q3,0.0,3
КРЫМ РЕСП,2022,2022Q4,0.0,4
КУРГАНСКАЯ ОБЛ,2018,2018Q1,0.014705882352941176,1
КУРГАНСКАЯ ОБЛ,2018,2018Q2,0.007692307692307693,2
КУРГАНСКАЯ ОБЛ,2018,2018Q3,0.014285714285714285,3
КУРГАНСКАЯ ОБЛ,2018,2018Q4,0.0,4
КУРГАНСКАЯ ОБЛ,2019,2019Q1,0.02158273381294964,1
КУРГАНСКАЯ ОБЛ,2019,2019Q2,0.02158273381294964,2
КУРГАНСКАЯ ОБЛ,2019,2019Q3,0.0,3
КУРГАНСКАЯ ОБЛ,2019,2019Q4,0.004366812227074236,4
КУРГАНСКАЯ ОБЛ,2020,2020Q1,0.0,1
КУРГАНСКАЯ ОБЛ,2020,2020Q2,0.0,2
КУРГАНСКАЯ ОБЛ,2020,2020Q3,0.0,3
КУРГАНСКАЯ ОБЛ,2020,2020Q4,0.09387755102040816,4
КУРГАНСКАЯ ОБЛ,2021,2021Q1,0.109375,1
КУРГАНСКАЯ ОБЛ,2021,2021Q2,0.0,2
КУРГАНСКАЯ ОБЛ,2021,2021Q3,0.03389830508474576,3
КУРГАНСКАЯ ОБЛ,2021,2021Q4,0.013636363636363636,4
КУРГАНСКАЯ ОБЛ,2022,2022Q1,0.008403361344537815,1
КУРГАНСКАЯ ОБЛ,2022,2022Q2,0.04918032786885246,2
КУРГАНСКАЯ ОБЛ,2022,2022Q3,0.0,3
КУРГАНСКАЯ ОБЛ,2022,2022Q4,0.0,4
КУРСКАЯ ОБЛ,2018,2018Q1,0.046511627906976744,1
КУРСКАЯ ОБЛ,2018,2018Q2,0.0392156862745098,2
КУРСКАЯ ОБЛ,2018,2018Q3,0.0425531914893617,3
КУРСКАЯ ОБЛ,2018,2018Q4,0.0007331378299120235,4
КУРСКАЯ ОБЛ,2019,2019Q1,0.047619047619047616,1
КУРСКАЯ ОБЛ,2019,2019Q2,0.0,2
КУРСКАЯ ОБЛ,2019,2019Q3,0.03125,3
КУРСКАЯ ОБЛ,2019,2019Q4,0.0,4
КУРСКАЯ ОБЛ,2020,2020Q1,0.0,1
КУРСКАЯ ОБЛ,2020,2020Q2,0.0,2
КУРСКАЯ ОБЛ,2020,2020Q3,0.0,3
КУРСКАЯ ОБЛ,2020,2020Q4,0.0007396449704142012,4
КУРСКАЯ ОБЛ,2021,2021Q1,0.04878048780487805,1
КУРСКАЯ ОБЛ,2021,2021Q2,0.043478260869565216,2
КУРСКАЯ ОБЛ,2021,2021Q3,0.0,3
КУРСКАЯ ОБЛ,2021,2021Q4,0.000708215297450425,4
КУРСКАЯ ОБЛ,2022,2022Q1,0.02564102564102564,1
КУРСКАЯ ОБЛ,2022,2022Q2,0.0,2
КУРСКАЯ ОБЛ,2022,2022Q3,0.0,3
КУРСКАЯ ОБЛ,2022,2022Q4,0.0,4
ЛЕНИНГРАДСКАЯ ОБЛ,2018,2018Q1,0.041254125412541254,1
ЛЕНИНГРАДСКАЯ ОБЛ,2018,2018Q2,0.020905923344947737,2
ЛЕНИНГРАДСКАЯ ОБЛ,2018,2018Q3,0.04568527918781726,3
ЛЕНИНГРАДСКАЯ ОБЛ,2018,2018Q4,0.00461361014994233,4
ЛЕНИНГРАДСКАЯ ОБЛ,2019,2019Q1,0.0018115942028985507,1
ЛЕНИНГРАДСКАЯ ОБЛ,2019,2019Q2,0.0,2
ЛЕНИНГРАДСКАЯ ОБЛ,2019,2019Q3,0.0,3
ЛЕНИНГРАДСКАЯ ОБЛ,2019,2019Q4,0.0016565433462175593,4
ЛЕНИНГРАДСКАЯ ОБЛ,2020,2020Q1,0.003401360544217687,1
ЛЕНИНГРАДСКАЯ ОБЛ,2020,2020Q2,0.0,2
ЛЕНИНГРАДСКАЯ ОБЛ,2020,2020Q3,0.0,3
ЛЕНИНГРАДСКАЯ ОБЛ,2020,2020Q4,0.009654471544715448,4
ЛЕНИНГРАДСКАЯ ОБЛ,2021,2021Q1,0.009868421052631578,1
ЛЕНИНГРАДСКАЯ ОБЛ,2021,2021Q2,0.01206896551724138,2
ЛЕНИНГРАДСКАЯ ОБЛ,2021,2021Q3,0.012237762237762238,3
ЛЕНИНГРАДСКАЯ ОБЛ,2021,2021Q4,0.009448035803083043,4
ЛЕНИНГРАДСКАЯ ОБЛ,2022,2022Q1,0.013793103448275862,1
ЛЕНИНГРАДСКАЯ ОБЛ,2022,2022Q2,0.01174496644295302,2
ЛЕНИНГРАДСКАЯ ОБЛ,2022,2022Q3,0.004893964110929853,3
ЛЕНИНГРАДСКАЯ ОБЛ,2022,2022Q4,0.0,4
ЛИПЕЦКАЯ ОБЛ,2018,2018Q1,0.028440832910106652,1
ЛИПЕЦКАЯ ОБЛ,2018,2018Q2,0.020429544264012573,2
ЛИПЕЦКАЯ ОБЛ,2018,2018Q3,0.017632914774245258,3
ЛИПЕЦКАЯ ОБЛ,2018,2018Q4,0.031315240083507306,4
ЛИПЕЦКАЯ ОБЛ,2019,2019Q1,0.006907985631389887,1
ЛИПЕЦКАЯ ОБЛ,2019,2019Q2,0.00028595939376608524,2
ЛИПЕЦКАЯ ОБЛ,2019,2019Q3,0.00026295030239284776,3
ЛИПЕЦКАЯ ОБЛ,2019,2019Q4,0.0,4
ЛИПЕЦКАЯ ОБЛ,2020,2020Q1,0.0002698327037236913,1
ЛИПЕЦКАЯ ОБЛ,2020,2020Q2,0.0,2
ЛИПЕЦКАЯ ОБЛ,2020,2020Q3,0.0,3
ЛИПЕЦКАЯ ОБЛ,2020,2020Q4,0.020338794160258553,4
ЛИПЕЦКАЯ ОБЛ,2021,2021Q1,0.002484815019326339,1
ЛИПЕЦКАЯ ОБЛ,2021,2021Q2,0.0014033118158854898,2
ЛИПЕЦКАЯ ОБЛ,2021,2021Q3,0.009381898454746136,3
ЛИПЕЦКАЯ ОБЛ,2021,2021Q4,0.0031087497173863895,4
ЛИПЕЦКАЯ ОБЛ,2022,2022Q1,0.011599676288103588,1
ЛИПЕЦКАЯ ОБЛ,2022,2022Q2,0.0064516129032258064,2
ЛИПЕЦКАЯ ОБЛ,2022,2022Q3,0.0021152829190904283,3
ЛИПЕЦКАЯ ОБЛ,2022,2022Q4,0.0,4
МАГАДАНСКАЯ ОБЛ,2018,2018Q4,0.0,4
МАГАДАНСКАЯ ОБЛ,2019,2019Q4,0.0,4
МАГАДАНСКАЯ ОБЛ,2020,2020Q1,0.0,1
МАГАДАНСКАЯ ОБЛ,2020,2020Q2,0.0,2
МАГАДАНСКАЯ ОБЛ,2020,2020Q3,0.0,3
МАГАДАНСКАЯ ОБЛ,2020,2020Q4,0.0,4
МАГАДАНСКАЯ ОБЛ,2021,2021Q1,0.0,1
МАГАДАНСКАЯ ОБЛ,2021,2021Q2,0.0,2
МАГАДАНСКАЯ ОБЛ,2021,2021Q3,0.0,3
МАГАДАНСКАЯ ОБЛ,2021,2021Q4,0.021739130434782608,4
МАГАДАНСКАЯ ОБЛ,2022,2022Q2,0.0,2
МАГАДАНСКАЯ ОБЛ,2022,2022Q4,0.0,4
МАРИЙ ЭЛ РЕСП,2018,2018Q1,0.1111111111111111,1
МАРИЙ ЭЛ РЕСП,2018,2018Q2,0.0,2
МАРИЙ ЭЛ РЕСП,2018,2018Q3,0.0,3
МАРИЙ ЭЛ РЕСП,2018,2018Q4,0.0,4
МАРИЙ ЭЛ РЕСП,2019,2019Q1,0.0,1
МАРИЙ ЭЛ РЕСП,2019,2019Q2,0.0,2
МАРИЙ ЭЛ РЕСП,2019,2019Q3,0.0,3
МАРИЙ ЭЛ РЕСП,2019,2019Q4,0.0,4
МАРИЙ ЭЛ РЕСП,2020,2020Q1,0.0,1
МАРИЙ ЭЛ РЕСП,2020,2020Q2,0.0,2
МАРИЙ ЭЛ РЕСП,2020,2020Q3,0.0,3
МАРИЙ ЭЛ РЕСП,2020,2020Q4,0.005291005291005291,4
МАРИЙ ЭЛ РЕСП,2021,2021Q1,0.08333333333333333,1
МАРИЙ ЭЛ РЕСП,2021,2021Q2,0.0,2
МАРИЙ ЭЛ РЕСП,2021,2021Q3,0.0,3
МАРИЙ ЭЛ РЕСП,2021,2021Q4,0.0,4
МАРИЙ ЭЛ РЕСП,2022,2022Q1,0.0,1
МАРИЙ ЭЛ РЕСП,2022,2022Q2,0.0,2
МАРИЙ ЭЛ РЕСП,2022,2022Q3,0.0,3
МАРИЙ ЭЛ РЕСП,2022,2022Q4,0.0,4
МОРДОВИЯ РЕСП,2018,2018Q1,0.0,1
МОРДОВИЯ РЕСП,2018,2018Q2,0.0,2
МОРДОВИЯ РЕСП,2018,2018Q3,0.0,3
МОРДОВИЯ РЕСП,2018,2018Q4,0.0078125,4
МОРДОВИЯ РЕСП,2019,2019Q1,0.0,1
МОРДОВИЯ РЕСП,2019,2019Q2,0.0,2
МОРДОВИЯ РЕСП,2019,2019Q3,0.0,3
МОРДОВИЯ РЕСП,2019,2019Q4,0.0,4
МОРДОВИЯ РЕСП,2020,2020Q1,0.0,1
МОРДОВИЯ РЕСП,2020,2020Q2,0.0,2
МОРДОВИЯ РЕСП,2020,2020Q3,0.0,3
МОРДОВИЯ РЕСП,2020,2020Q4,0.0,4
МОРДОВИЯ РЕСП,2021,2021Q1,0.1,1
МОРДОВИЯ РЕСП,2021,2021Q2,0.0,2
МОРДОВИЯ РЕСП,2021,2021Q3,0.0,3
МОРДОВИЯ РЕСП,2021,2021Q4,0.0,4
МОРДОВИЯ РЕСП,2022,2022Q1,0.0,1
МОРДОВИЯ РЕСП,2022,2022Q2,0.07142857142857142,2
МОРДОВИЯ РЕСП,2022,2022Q3,0.0,3
МОРДОВИЯ РЕСП,2022,2022Q4,0.0,4
МОСКВА,2020,2020Q4,0.0,4
МОСКВА,2021,2021Q1,0.0,1
МОСКВА,2021,2021Q2,0.0,2
МОСКВА,2021,2021Q3,0.0,3
МОСКВА,2021,2021Q4,0.0,4
МОСКВА,2022,2022Q1,0.0,1
МОСКВА,2022,2022Q2,0.0,2
МОСКВА,2022,2022Q3,0.0,3
МОСКВА,2022,2022Q4,0.0,4
МОСКОВСКАЯ ОБЛ,2018,2018Q1,0.03773584905660377,1
МОСКОВСКАЯ ОБЛ,2018,2018Q2,0.036057692307692304,2
МОСКОВСКАЯ ОБЛ,2018,2018Q3,0.019138755980861243,3
МОСКОВСКАЯ ОБЛ,2018,2018Q4,0.017643352236925015,4
МОСКОВСКАЯ ОБЛ,2019,2019Q1,0.031189083820662766,1
МОСКОВСКАЯ ОБЛ,2019,2019Q2,0.01440329218106996,2
МОСКОВСКАЯ ОБЛ,2019,2019Q3,0.02208835341365462,3
МОСКОВСКАЯ ОБЛ,2019,2019Q4,0.014549524342473419,4
МОСКОВСКАЯ ОБЛ,2020,2020Q1,0.02111324376199616,1
МОСКОВСКАЯ ОБЛ,2020,2020Q2,0.02495201535508637,2
МОСКОВСКАЯ ОБЛ,2020,2020Q3,0.014953271028037384,3
МОСКОВСКАЯ ОБЛ,2020,2020Q4,0.03767660910518053,4
МОСКОВСКАЯ ОБЛ,2021,2021Q1,0.07011070110701106,1
МОСКОВСКАЯ ОБЛ,2021,2021Q2,0.06810035842293907,2
МОСКОВСКАЯ ОБЛ,2021,2021Q3,0.026415094339622643,3
МОСКОВСКАЯ ОБЛ,2021,2021Q4,0.02816180235535074,4
МОСКОВСКАЯ ОБЛ,2022,2022Q1,0.04189435336976321,1
МОСКОВСКАЯ ОБЛ,2022,2022Q2,0.03315881326352531,2
МОСКОВСКАЯ ОБЛ,2022,2022Q3,0.012195121951219513,3
МОСКОВСКАЯ ОБЛ,2022,2022Q4,0.0,4
МУРМАНСКАЯ ОБЛ,2018,2018Q1,0.05,1
МУРМАНСКАЯ ОБЛ,2018,2018Q2,0.045454545454545456,2
МУРМАНСКАЯ ОБЛ,2018,2018Q3,0.0,3
МУРМАНСКАЯ ОБЛ,2018,2018Q4,0.009592326139088728,4
МУРМАНСКАЯ ОБЛ,2019,2019Q1,0.1,1
МУРМАНСКАЯ ОБЛ,2019,2019Q2,0.0,2
МУРМАНСКАЯ ОБЛ,2019,2019Q3,0.0,3
МУРМАНСКАЯ ОБЛ,2019,2019Q4,0.0215311004784689,4
МУРМАНСКАЯ ОБЛ,2020,2020Q1,0.0,1
МУРМАНСКАЯ ОБЛ,2020,2020Q2,0.0,2
МУРМАНСКАЯ ОБЛ,2020,2020Q3,0.0,3
МУРМАНСКАЯ ОБЛ,2020,2020Q4,0.006896551724137931,4
МУРМАНСКАЯ ОБЛ,2021,2021Q1,0.0,1
МУРМАНСКАЯ ОБЛ,2021,2021Q2,0.020833333333333332,2
МУРМАНСКАЯ ОБЛ,2021,2021Q3,0.02127659574468085,3
МУРМАНСКАЯ ОБЛ,2021,2021Q4,0.0,4
МУРМАНСКАЯ ОБЛ,2022,2022Q1,0.05263157894736842,1
МУРМАНСКАЯ ОБЛ,2022,2022Q2,0.04,2
МУРМАНСКАЯ ОБЛ,2022,2022Q3,0.057692307692307696,3
МУРМАНСКАЯ ОБЛ,2022,2022Q4,0.0,4
НЕНЕЦКИЙ АО,2018,2018Q1,0.0,1
НЕНЕЦКИЙ АО,2018,2018Q2,0.0,2
НЕНЕЦКИЙ АО,2018,2018Q3,0.0,3
НЕНЕЦКИЙ АО,2018,2018Q4,0.0,4
НЕНЕЦКИЙ АО,2019,2019Q1,0.0,1
НЕНЕЦКИЙ АО,2019,2019Q2,0.0,2
НЕНЕЦКИЙ АО,2019,2019Q3,0.0,3
НЕНЕЦКИЙ АО,2019,2019Q4,0.0,4
НЕНЕЦКИЙ АО,2020,2020Q1,0.0,1
НЕНЕЦКИЙ АО,2020,2020Q2,0.0,2
НЕНЕЦКИЙ АО,2020,2020Q3,0.0,3
НЕНЕЦКИЙ АО,2020,2020Q4,0.0,4
НЕНЕЦКИЙ АО,2021,2021Q1,0.3333333333333333,1
НЕНЕЦКИЙ АО,2021,2021Q2,0.0,2
НЕНЕЦКИЙ АО,2021,2021Q3,0.0,3
НЕНЕЦКИЙ АО,2021,2021Q4,0.0,4
НЕНЕЦКИЙ АО,2022,2022Q1,0.0,1
НЕНЕЦКИЙ АО,2022,2022Q2,0.0,2
НЕНЕЦКИЙ АО,2022,2022Q3,0.0,3
НЕНЕЦКИЙ АО,2022,2022Q4,0.0,4
НИЖЕГОРОДСКАЯ ОБЛ,2018,2018Q1,0.06060606060606061,1
НИЖЕГОРОДСКАЯ ОБЛ,2018,2018Q2,0.024489795918367346,2
НИЖЕГОРОДСКАЯ ОБЛ,2018,2018Q3,0.023166023166023165,3
НИЖЕГОРОДСКАЯ ОБЛ,2018,2018Q4,0.014311270125223614,4
НИЖЕГОРОДСКАЯ ОБЛ,2019,2019Q1,0.015625,1
НИЖЕГОРОДСКАЯ ОБЛ,2019,2019Q2,0.008888888888888889,2
НИЖЕГОРОДСКАЯ ОБЛ,2019,2019Q3,0.01694915254237288,3
НИЖЕГОРОДСКАЯ ОБЛ,2019,2019Q4,0.01003224650662845,4
НИЖЕГОРОДСКАЯ ОБЛ,2020,2020Q1,0.012195121951219513,1
НИЖЕГОРОДСКАЯ ОБЛ,2020,2020Q2,0.01968503937007874,2
НИЖЕГОРОДСКАЯ ОБЛ,2020,2020Q3,0.008620689655172414,3
НИЖЕГОРОДСКАЯ ОБЛ,2020,2020Q4,0.007586705202312138,4
НИЖЕГОРОДСКАЯ ОБЛ,2021,2021Q1,0.01646090534979424,1
НИЖЕГОРОДСКАЯ ОБЛ,2021,2021Q2,0.056179775280898875,2
НИЖЕГОРОДСКАЯ ОБЛ,2021,2021Q3,0.0,3
НИЖЕГОРОДСКАЯ ОБЛ,2021,2021Q4,0.005571030640668524,4
НИЖЕГОРОДСКАЯ ОБЛ,2022,2022Q1,0.015267175572519083,1
НИЖЕГОРОДСКАЯ ОБЛ,2022,2022Q2,0.007380073800738007,2
НИЖЕГОРОДСКАЯ ОБЛ,2022,2022Q3,0.003424657534246575,3
НИЖЕГОРОДСКАЯ ОБЛ,2022,2022Q4,0.0,4
НОВГОРОДСКАЯ ОБЛ,2018,2018Q1,0.0,1
НОВГОРОДСКАЯ ОБЛ,2018,2018Q2,0.0,2
НОВГОРОДСКАЯ ОБЛ,2018,2018Q3,0.0625,3
НОВГОРОДСКАЯ ОБЛ,2018,2018Q4,0.0029239766081871343,4
НОВГОРОДСКАЯ ОБЛ,2019,2019Q1,0.0,1
НОВГОРОДСКАЯ ОБЛ,2019,2019Q2,0.0,2
НОВГОРОДСКАЯ ОБЛ,2019,2019Q3,0.0,3
НОВГОРОДСКАЯ ОБЛ,2019,2019Q4,0.0,4
НОВГОРОДСКАЯ ОБЛ,2020,2020Q1,0.0,1
НОВГОРОДСКАЯ ОБЛ,2020,2020Q2,0.0,2
НОВГОРОДСКАЯ ОБЛ,2020,2020Q3,0.0,3
НОВГОРОДСКАЯ ОБЛ,2020,2020Q4,0.0,4
НОВГОРОДСКАЯ ОБЛ,2021,2021Q1,0.0,1
НОВГОРОДСКАЯ ОБЛ,2021,2021Q2,0.0,2
НОВГОРОДСКАЯ ОБЛ,2021,2021Q3,0.0,3
НОВГОРОДСКАЯ ОБЛ,2021,2021Q4,0.002717391304347826,4
НОВГОРОДСКАЯ ОБЛ,2022,2022Q1,0.0,1
НОВГОРОДСКАЯ ОБЛ,2022,2022Q2,0.0,2
НОВГОРОДСКАЯ ОБЛ,2022,2022Q3,0.0,3
НОВГОРОДСКАЯ ОБЛ,2022,2022Q4,0.0,4
НОВОСИБИРСКАЯ ОБЛ,2018,2018Q1,0.0,1
НОВОСИБИРСКАЯ ОБЛ,2018,2018Q2,0.02127659574468085,2
НОВОСИБИРСКАЯ ОБЛ,2018,2018Q3,0.010309278350515464,3
НОВОСИБИРСКАЯ ОБЛ,2018,2018Q4,0.01875,4
НОВОСИБИРСКАЯ ОБЛ,2019,2019Q1,0.010638297872340425,1
НОВОСИБИРСКАЯ ОБЛ,2019,2019Q2,0.03333333333333333,2
НОВОСИБИРСКАЯ ОБЛ,2019,2019Q3,0.0,3
НОВОСИБИРСКАЯ ОБЛ,2019,2019Q4,0.0030864197530864196,4
НОВОСИБИРСКАЯ ОБЛ,2020,2020Q1,0.009259259259259259,1
НОВОСИБИРСКАЯ ОБЛ,2020,2020Q2,0.009708737864077669,2
НОВОСИБИРСКАЯ ОБЛ,2020,2020Q3,0.03773584905660377,3
НОВОСИБИРСКАЯ ОБЛ,2020,2020Q4,0.03825136612021858,4
НОВОСИБИРСКАЯ ОБЛ,2021,2021Q1,0.036036036036036036,1
НОВОСИБИРСКАЯ ОБЛ,2021,2021Q2,0.05454545454545454,2
НОВОСИБИРСКАЯ ОБЛ,2021,2021Q3,0.08737864077669903,3
НОВОСИБИРСКАЯ ОБЛ,2021,2021Q4,0.02849002849002849,4
НОВОСИБИРСКАЯ ОБЛ,2022,2022Q1,0.00980392156862745,1
НОВОСИБИРСКАЯ ОБЛ,2022,2022Q2,0.028846153846153848,2
НОВОСИБИРСКАЯ ОБЛ,2022,2022Q3,0.017241379310344827,3
НОВОСИБИРСКАЯ ОБЛ,2022,2022Q4,0.0,4
ОКТЯБРЬСКИЙ,2018,2018Q1,0.0,1
ОКТЯБРЬСКИЙ,2018,2018Q2,0.0,2
ОКТЯБРЬСКИЙ,2018,2018Q3,0.0,3
ОКТЯБРЬСКИЙ,2018,2018Q4,0.0,4
ОКТЯБРЬСКИЙ,2019,2019Q1,0.0,1
ОКТЯБРЬСКИЙ,2019,2019Q2,0.3333333333333333,2
ОКТЯБРЬСКИЙ,2019,2019Q3,0.0,3
ОКТЯБРЬСКИЙ,2019,2019Q4,0.0,4
ОКТЯБРЬСКИЙ,2020,2020Q1,0.0,1
ОКТЯБРЬСКИЙ,2020,2020Q2,0.0,2
ОКТЯБРЬСКИЙ,2020,2020Q3,0.0,3
ОКТЯБРЬСКИЙ,2020,2020Q4,0.6,4
ОКТЯБРЬСКИЙ,2021,2021Q1,0.0,1
ОКТЯБРЬСКИЙ,2021,2021Q2,0.0,2
ОКТЯБРЬСКИЙ,2021,2021Q3,0.0,3
ОКТЯБРЬСКИЙ,2021,2021Q4,0.0,4
ОКТЯБРЬСКИЙ,2022,2022Q1,0.0,1
ОКТЯБРЬСКИЙ,2022,2022Q2,0.0,2
ОКТЯБРЬСКИЙ,2022,2022Q3,0.0,3
ОКТЯБРЬСКИЙ,2022,2022Q4,0.0,4
ОМСКАЯ,2020,2020Q4,0.0,4
ОМСКАЯ,2021,2021Q1,0.0,1
ОМСКАЯ,2021,2021Q2,0.0,2
ОМСКАЯ,2021,2021Q3,0.0,3
ОМСКАЯ,2021,2021Q4,0.0,4
ОМСКАЯ,2022,2022Q1,0.0,1
ОМСКАЯ,2022,2022Q2,0.0,2
ОМСКАЯ,2022,2022Q3,0.0,3
ОМСКАЯ,2022,2022Q4,0.0,4
ОМСКАЯ ОБЛ,2018,2018Q1,0.0410958904109589,1
ОМСКАЯ ОБЛ,2018,2018Q2,0.014492753623188406,2
ОМСКАЯ ОБЛ,2018,2018Q3,0.02158273381294964,3
ОМСКАЯ ОБЛ,2018,2018Q4,0.009230769230769232,4
ОМСКАЯ ОБЛ,2019,2019Q1,0.014388489208633094,1
ОМСКАЯ ОБЛ,2019,2019Q2,0.014285714285714285,2
ОМСКАЯ ОБЛ,2019,2019Q3,0.014184397163120567,3
ОМСКАЯ ОБЛ,2019,2019Q4,0.0030120481927710845,4
ОМСКАЯ ОБЛ,2020,2020Q1,0.006666666666666667,1
ОМСКАЯ ОБЛ,2020,2020Q2,0.006493506493506494,2
ОМСКАЯ ОБЛ,2020,2020Q3,0.0,3
ОМСКАЯ ОБЛ,2020,2020Q4,0.016853932584269662,4
ОМСКАЯ ОБЛ,2021,2021Q1,0.061224489795918366,1
ОМСКАЯ ОБЛ,2021,2021Q2,0.039735099337748346,2
ОМСКАЯ ОБЛ,2021,2021Q3,0.013333333333333334,3
ОМСКАЯ ОБЛ,2021,2021Q4,0.0084985835694051,4
ОМСКАЯ ОБЛ,2022,2022Q1,0.022727272727272728,1
ОМСКАЯ ОБЛ,2022,2022Q2,0.031746031746031744,2
ОМСКАЯ ОБЛ,2022,2022Q3,0.010638297872340425,3
ОМСКАЯ ОБЛ,2022,2022Q4,0.0,4
ОРЕНБУРГСКАЯ ОБЛ,2018,2018Q1,0.02494154325798909,1
ОРЕНБУРГСКАЯ ОБЛ,2018,2018Q2,0.01819560272934041,2
ОРЕНБУРГСКАЯ ОБЛ,2018,2018Q3,0.01225114854517611,3
ОРЕНБУРГСКАЯ ОБЛ,2018,2018Q4,0.015336039693279206,4
ОРЕНБУРГСКАЯ ОБЛ,2019,2019Q1,0.018368846436443792,1
ОРЕНБУРГСКАЯ ОБЛ,2019,2019Q2,0.021929824561403508,2
ОРЕНБУРГСКАЯ ОБЛ,2019,2019Q3,0.0058309037900874635,3
ОРЕНБУРГСКАЯ ОБЛ,2019,2019Q4,0.0,4
ОРЕНБУРГСКАЯ ОБЛ,2020,2020Q1,0.0,1
ОРЕНБУРГСКАЯ ОБЛ,2020,2020Q2,0.0006729475100942127,2
ОРЕНБУРГСКАЯ ОБЛ,2020,2020Q3,0.0,3
ОРЕНБУРГСКАЯ ОБЛ,2020,2020Q4,0.08520900321543408,4
ОРЕНБУРГСКАЯ ОБЛ,2021,2021Q1,0.044481054365733116,1
ОРЕНБУРГСКАЯ ОБЛ,2021,2021Q2,0.017059301380991064,2
ОРЕНБУРГСКАЯ ОБЛ,2021,2021Q3,0.013375295043273014,3
ОРЕНБУРГСКАЯ ОБЛ,2021,2021Q4,0.014042553191489362,4
ОРЕНБУРГСКАЯ ОБЛ,2022,2022Q1,0.012213740458015267,1
ОРЕНБУРГСКАЯ ОБЛ,2022,2022Q2,0.016690856313497822,2
ОРЕНБУРГСКАЯ ОБЛ,2022,2022Q3,0.014357501794687724,3
ОРЕНБУРГСКАЯ ОБЛ,2022,2022Q4,0.0,4
ОРЛОВСКАЯ ОБЛ,2018,2018Q1,0.018867924528301886,1
ОРЛОВСКАЯ ОБЛ,2018,2018Q2,0.03508771929824561,2
ОРЛОВСКАЯ ОБЛ,2018,2018Q3,0.01818181818181818,3
ОРЛОВСКАЯ ОБЛ,2018,2018Q4,0.00641025641025641,4
ОРЛОВСКАЯ ОБЛ,2019,2019Q1,0.037037037037037035,1
ОРЛОВСКАЯ ОБЛ,2019,2019Q2,0.018518518518518517,2
ОРЛОВСКАЯ ОБЛ,2019,2019Q3,0.018518518518518517,3
ОРЛОВСКАЯ ОБЛ,2019,2019Q4,0.0038860103626943004,4
ОРЛОВСКАЯ ОБЛ,2020,2020Q1,0.0,1
ОРЛОВСКАЯ ОБЛ,2020,2020Q2,0.04225352112676056,2
ОРЛОВСКАЯ ОБЛ,2020,2020Q3,0.0,3
ОРЛОВСКАЯ ОБЛ,2020,2020Q4,0.010362694300518135,4
ОРЛОВСКАЯ ОБЛ,2021,2021Q1,0.023255813953488372,1
ОРЛОВСКАЯ ОБЛ,2021,2021Q2,0.036585365853658534,2
ОРЛОВСКАЯ ОБЛ,2021,2021Q3,0.0,3
ОРЛОВСКАЯ ОБЛ,2021,2021Q4,0.002484472049689441,4
ОРЛОВСКАЯ ОБЛ,2022,2022Q1,0.0,1
ОРЛОВСКАЯ ОБЛ,2022,2022Q2,0.0,2
ОРЛОВСКАЯ ОБЛ,2022,2022Q3,0.0,3
ОРЛОВСКАЯ ОБЛ,2022,2022Q4,0.0,4
ПЕНЗЕНСКАЯ ОБЛ,2018,2018Q1,0.01639344262295082,1
ПЕНЗЕНСКАЯ ОБЛ,2018,2018Q2,0.0,2
ПЕНЗЕНСКАЯ ОБЛ,2018,2018Q3,0.06060606060606061,3
ПЕНЗЕНСКАЯ ОБЛ,2018,2018Q4,0.013452914798206279,4
ПЕНЗЕНСКАЯ ОБЛ,2019,2019Q1,0.016129032258064516,1
ПЕНЗЕНСКАЯ ОБЛ,2019,2019Q2,0.0,2
ПЕНЗЕНСКАЯ ОБЛ,2019,2019Q3,0.0,3
ПЕНЗЕНСКАЯ ОБЛ,2019,2019Q4,0.004464285714285714,4
ПЕНЗЕНСКАЯ ОБЛ,2020,2020Q1,0.0,1
ПЕНЗЕНСКАЯ ОБЛ,2020,2020Q2,0.0,2
ПЕНЗЕНСКАЯ ОБЛ,2020,2020Q3,0.0,3
ПЕНЗЕНСКАЯ ОБЛ,2020,2020Q4,0.039473684210526314,4
ПЕНЗЕНСКАЯ ОБЛ,2021,2021Q1,0.031746031746031744,1
ПЕНЗЕНСКАЯ ОБЛ,2021,2021Q2,0.0,2
ПЕНЗЕНСКАЯ ОБЛ,2021,2021Q3,0.0,3
ПЕНЗЕНСКАЯ ОБЛ,2021,2021Q4,0.004464285714285714,4
ПЕНЗЕНСКАЯ ОБЛ,2022,2022Q1,0.0,1
ПЕНЗЕНСКАЯ ОБЛ,2022,2022Q2,0.0136986301369863,2
ПЕНЗЕНСКАЯ ОБЛ,2022,2022Q3,0.0,3
ПЕНЗЕНСКАЯ ОБЛ,2022,2022Q4,0.0,4
ПЕРМСКИЙ КРАЙ,2018,2018Q1,0.029411764705882353,1
ПЕРМСКИЙ КРАЙ,2018,2018Q2,0.034722222222222224,2
ПЕРМСКИЙ КРАЙ,2018,2018Q3,0.03787878787878788,3
ПЕРМСКИЙ КРАЙ,2018,2018Q4,0.020484171322160148,4
ПЕРМСКИЙ КРАЙ,2019,2019Q1,0.029411764705882353,1
ПЕРМСКИЙ КРАЙ,2019,2019Q2,0.02962962962962963,2
ПЕРМСКИЙ КРАЙ,2019,2019Q3,0.05755395683453238,3
ПЕРМСКИЙ КРАЙ,2019,2019Q4,0.00558659217877095,4
ПЕРМСКИЙ КРАЙ,2020,2020Q1,0.014184397163120567,1
ПЕРМСКИЙ КРАЙ,2020,2020Q2,0.013793103448275862,2
ПЕРМСКИЙ КРАЙ,2020,2020Q3,0.006060606060606061,3
ПЕРМСКИЙ КРАЙ,2020,2020Q4,0.011705685618729096,4
ПЕРМСКИЙ КРАЙ,2021,2021Q1,0.011299435028248588,1
ПЕРМСКИЙ КРАЙ,2021,2021Q2,0.023809523809523808,2
ПЕРМСКИЙ КРАЙ,2021,2021Q3,0.03910614525139665,3
ПЕРМСКИЙ КРАЙ,2021,2021Q4,0.004838709677419355,4
ПЕРМСКИЙ КРАЙ,2022,2022Q1,0.0049261083743842365,1
ПЕРМСКИЙ КРАЙ,2022,2022Q2,0.022935779816513763,2
ПЕРМСКИЙ КРАЙ,2022,2022Q3,0.0,3
ПЕРМСКИЙ КРАЙ,2022,2022Q4,0.0,4
ПРИМОРСКИЙ КРАЙ,2018,2018Q1,0.025157232704402517,1
ПРИМОРСКИЙ КРАЙ,2018,2018Q2,0.018633540372670808,2
ПРИМОРСКИЙ КРАЙ,2018,2018Q3,0.019230769230769232,3
ПРИМОРСКИЙ КРАЙ,2018,2018Q4,0.029288702928870293,4
ПРИМОРСКИЙ КРАЙ,2019,2019Q1,0.019230769230769232,1
ПРИМОРСКИЙ КРАЙ,2019,2019Q2,0.006329113924050633,2
ПРИМОРСКИЙ КРАЙ,2019,2019Q3,0.0,3
ПРИМОРСКИЙ КРАЙ,2019,2019Q4,0.0,4
ПРИМОРСКИЙ КРАЙ,2020,2020Q1,0.0,1
ПРИМОРСКИЙ КРАЙ,2020,2020Q2,0.0,2
ПРИМОРСКИЙ КРАЙ,2020,2020Q3,0.0,3
ПРИМОРСКИЙ КРАЙ,2020,2020Q4,0.04887218045112782,4
ПРИМОРСКИЙ КРАЙ,2021,2021Q1,0.032679738562091505,1
ПРИМОРСКИЙ КРАЙ,2021,2021Q2,0.006578947368421052,2
ПРИМОРСКИЙ КРАЙ,2021,2021Q3,0.012738853503184714,3
ПРИМОРСКИЙ КРАЙ,2021,2021Q4,0.007722007722007722,4
ПРИМОРСКИЙ КРАЙ,2022,2022Q1,0.011904761904761904,1
ПРИМОРСКИЙ КРАЙ,2022,2022Q2,0.0058823529411764705,2
ПРИМОРСКИЙ КРАЙ,2022,2022Q3,0.010416666666666666,3
ПРИМОРСКИЙ КРАЙ,2022,2022Q4,0.0,4
ПСКОВСКАЯ ОБЛ,2018,2018Q1,0.0,1
ПСКОВСКАЯ ОБЛ,2018,2018Q2,0.0,2
ПСКОВСКАЯ ОБЛ,2018,2018Q3,0.25,3
ПСКОВСКАЯ ОБЛ,2018,2018Q4,0.0019940179461615153,4
ПСКОВСКАЯ ОБЛ,2019,2019Q1,0.0,1
ПСКОВСКАЯ ОБЛ,2019,2019Q2,0.0,2
ПСКОВСКАЯ ОБЛ,2019,2019Q3,0.0,3
ПСКОВСКАЯ ОБЛ,2019,2019Q4,0.0,4
ПСКОВСКАЯ ОБЛ,2020,2020Q1,0.0,1
ПСКОВСКАЯ ОБЛ,2020,2020Q2,0.0,2
ПСКОВСКАЯ ОБЛ,2020,2020Q3,0.0,3
ПСКОВСКАЯ ОБЛ,2020,2020Q4,0.0,4
ПСКОВСКАЯ ОБЛ,2021,2021Q1,0.0,1
ПСКОВСКАЯ ОБЛ,2021,2021Q2,0.1111111111111111,2
ПСКОВСКАЯ ОБЛ,2021,2021Q3,0.0,3
ПСКОВСКАЯ ОБЛ,2021,2021Q4,0.000999000999000999,4
ПСКОВСКАЯ ОБЛ,2022,2022Q1,0.0,1
ПСКОВСКАЯ ОБЛ,2022,2022Q2,0.0,2
ПСКОВСКАЯ ОБЛ,2022,2022Q3,0.0,3
ПСКОВСКАЯ ОБЛ,2022,2022Q4,0.0,4
РОСТОВСКАЯ ОБЛ,2018,2018Q1,0.030612244897959183,1
РОСТОВСКАЯ ОБЛ,2018,2018Q2,0.0707070707070707,2
РОСТОВСКАЯ ОБЛ,2018,2018Q3,0.009900990099009901,3
РОСТОВСКАЯ ОБЛ,2018,2018Q4,0.0033112582781456954,4
РОСТОВСКАЯ ОБЛ,2019,2019Q1,0.0196078431372549,1
РОСТОВСКАЯ ОБЛ,2019,2019Q2,0.01904761904761905,2
РОСТОВСКАЯ ОБЛ,2019,2019Q3,0.0,3
РОСТОВСКАЯ ОБЛ,2019,2019Q4,0.00315955766192733,4
РОСТОВСКАЯ ОБЛ,2020,2020Q1,0.0,1
РОСТОВСКАЯ ОБЛ,2020,2020Q2,0.0,2
РОСТОВСКАЯ ОБЛ,2020,2020Q3,0.0,3
РОСТОВСКАЯ ОБЛ,2020,2020Q4,0.009244992295839754,4
РОСТОВСКАЯ ОБЛ,2021,2021Q1,0.032520325203252036,1
РОСТОВСКАЯ ОБЛ,2021,2021Q2,0.023255813953488372,2
РОСТОВСКАЯ ОБЛ,2021,2021Q3,0.008620689655172414,3
РОСТОВСКАЯ ОБЛ,2021,2021Q4,0.01308139534883721,4
РОСТОВСКАЯ ОБЛ,2022,2022Q1,0.006993006993006993,1
РОСТОВСКАЯ ОБЛ,2022,2022Q2,0.031446540880503145,2
РОСТОВСКАЯ ОБЛ,2022,2022Q3,0.013513513513513514,3
РОСТОВСКАЯ ОБЛ,2022,2022Q4,0.0,4
РЯЗАНСКАЯ ОБЛ,2018,2018Q1,0.04310344827586207,1
РЯЗАНСКАЯ ОБЛ,2018,2018Q2,0.030441400304414,2
РЯЗАНСКАЯ ОБЛ,2018,2018Q3,0.014040561622464899,3
РЯЗАНСКАЯ ОБЛ,2018,2018Q4,0.01376720901126408,4
РЯЗАНСКАЯ ОБЛ,2019,2019Q1,0.00727802037845706,1
РЯЗАНСКАЯ ОБЛ,2019,2019Q2,0.006006006006006006,2
РЯЗАНСКАЯ ОБЛ,2019,2019Q3,0.001447178002894356,3
РЯЗАНСКАЯ ОБЛ,2019,2019Q4,0.0012091898428053204,4
РЯЗАНСКАЯ ОБЛ,2020,2020Q1,0.0,1
РЯЗАНСКАЯ ОБЛ,2020,2020Q2,0.0,2
РЯЗАНСКАЯ ОБЛ,2020,2020Q3,0.0,3
РЯЗАНСКАЯ ОБЛ,2020,2020Q4,0.02485089463220676,4
РЯЗАНСКАЯ ОБЛ,2021,2021Q1,0.023287671232876714,1
РЯЗАНСКАЯ ОБЛ,2021,2021Q2,0.0068775790921595595,2
РЯЗАНСКАЯ ОБЛ,2021,2021Q3,0.008185538881309686,3
РЯЗАНСКАЯ ОБЛ,2021,2021Q4,0.00893743793445879,4
РЯЗАНСКАЯ ОБЛ,2022,2022Q1,0.010899182561307902,1
РЯЗАНСКАЯ ОБЛ,2022,2022Q2,0.011873350923482849,2
РЯЗАНСКАЯ ОБЛ,2022,2022Q3,0.0051813471502590676,3
РЯЗАНСКАЯ ОБЛ,2022,2022Q4,0.0,4
САМАРСКАЯ ОБЛ,2018,2018Q1,0.016260162601626018,1
САМАРСКАЯ ОБЛ,2018,2018Q2,0.010660980810234541,2
САМАРСКАЯ ОБЛ,2018,2018Q3,0.018068102849200834,3
САМАРСКАЯ ОБЛ,2018,2018Q4,0.013112639724849526,4
САМАРСКАЯ ОБЛ,2019,2019Q1,0.01440536013400335,1
САМАРСКАЯ ОБЛ,2019,2019Q2,0.00838439213157046,2
САМАРСКАЯ ОБЛ,2019,2019Q3,0.0037641154328732747,3
САМАРСКАЯ ОБЛ,2019,2019Q4,0.0009742790335151987,4
САМАРСКАЯ ОБЛ,2020,2020Q1,0.0,1
САМАРСКАЯ ОБЛ,2020,2020Q2,0.0,2
САМАРСКАЯ ОБЛ,2020,2020Q3,0.0,3
САМАРСКАЯ ОБЛ,2020,2020Q4,0.040331102500880595,4
САМАРСКАЯ ОБЛ,2021,2021Q1,0.026579875237320316,1
САМАРСКАЯ ОБЛ,2021,2021Q2,0.014929499585291679,2
САМАРСКАЯ ОБЛ,2021,2021Q3,0.01325040562466198,3
САМАРСКАЯ ОБЛ,2021,2021Q4,0.01009385514432442,4
САМАРСКАЯ ОБЛ,2022,2022Q1,0.014503625906476619,1
САМАРСКАЯ ОБЛ,2022,2022Q2,0.01763711041314327,2
САМАРСКАЯ ОБЛ,2022,2022Q3,0.012622052869730888,3
САМАРСКАЯ ОБЛ,2022,2022Q4,0.0,4
САНКТ-ПЕТЕРБУРГ Г,2018,2018Q1,0.034482758620689655,1
САНКТ-ПЕТЕРБУРГ Г,2018,2018Q2,0.007751937984496124,2
САНКТ-ПЕТЕРБУРГ Г,2018,2018Q3,0.007633587786259542,3
САНКТ-ПЕТЕРБУРГ Г,2018,2018Q4,0.015634771732332707,4
САНКТ-ПЕТЕРБУРГ Г,2019,2019Q1,0.0,1
САНКТ-ПЕТЕРБУРГ Г,2019,2019Q2,0.007936507936507936,2
САНКТ-ПЕТЕРБУРГ Г,2019,2019Q3,0.03333333333333333,3
САНКТ-ПЕТЕРБУРГ Г,2019,2019Q4,0.009791921664626682,4
САНКТ-ПЕТЕРБУРГ Г,2020,2020Q1,0.012121212121212121,1
САНКТ-ПЕТЕРБУРГ Г,2020,2020Q2,0.005952380952380952,2
САНКТ-ПЕТЕРБУРГ Г,2020,2020Q3,0.012195121951219513,3
САНКТ-ПЕТЕРБУРГ Г,2020,2020Q4,0.013142174432497013,4
САНКТ-ПЕТЕРБУРГ Г,2021,2021Q1,0.049723756906077346,1
САНКТ-ПЕТЕРБУРГ Г,2021,2021Q2,0.140625,2
САНКТ-ПЕТЕРБУРГ Г,2021,2021Q3,0.033707865168539325,3
САНКТ-ПЕТЕРБУРГ Г,2021,2021Q4,0.011574074074074073,4
САНКТ-ПЕТЕРБУРГ Г,2022,2022Q1,0.043010752688172046,1
САНКТ-ПЕТЕРБУРГ Г,2022,2022Q2,0.03208556149732621,2
САНКТ-ПЕТЕРБУРГ Г,2022,2022Q3,0.03553299492385787,3
САНКТ-ПЕТЕРБУРГ Г,2022,2022Q4,0.0,4
САРАТОВСКАЯ ОБЛ,2018,2018Q1,0.037162162162162164,1
САРАТОВСКАЯ ОБЛ,2018,2018Q2,0.024549918166939442,2
САРАТОВСКАЯ ОБЛ,2018,2018Q3,0.015,3
САРАТОВСКАЯ ОБЛ,2018,2018Q4,0.018195050946142648,4
САРАТОВСКАЯ ОБЛ,2019,2019Q1,0.030508474576271188,1
САРАТОВСКАЯ ОБЛ,2019,2019Q2,0.02155887230514096,2
САРАТОВСКАЯ ОБЛ,2019,2019Q3,0.01015228426395939,3
САРАТОВСКАЯ ОБЛ,2019,2019Q4,0.0,4
САРАТОВСКАЯ ОБЛ,2020,2020Q1,0.0,1
САРАТОВСКАЯ ОБЛ,2020,2020Q2,0.0,2
САРАТОВСКАЯ ОБЛ,2020,2020Q3,0.0,3
САРАТОВСКАЯ ОБЛ,2020,2020Q4,0.05509641873278237,4
САРАТОВСКАЯ ОБЛ,2021,2021Q1,0.070446735395189,1
САРАТОВСКАЯ ОБЛ,2021,2021Q2,0.01967799642218247,2
САРАТОВСКАЯ ОБЛ,2021,2021Q3,0.020869565217391306,3
САРАТОВСКАЯ ОБЛ,2021,2021Q4,0.007982583454281567,4
САРАТОВСКАЯ ОБЛ,2022,2022Q1,0.03372681281618887,1
САРАТОВСКАЯ ОБЛ,2022,2022Q2,0.018121911037891267,2
САРАТОВСКАЯ ОБЛ,2022,2022Q3,0.011513157894736841,3
САРАТОВСКАЯ ОБЛ,2022,2022Q4,0.0,4
САХА /ЯКУТИЯ/ РЕСП,2018,2018Q1,0.0,1
САХА /ЯКУТИЯ/ РЕСП,2018,2018Q2,0.0,2
САХА /ЯКУТИЯ/ РЕСП,2018,2018Q3,0.0,3
САХА /ЯКУТИЯ/ РЕСП,2018,2018Q4,0.0,4
САХА /ЯКУТИЯ/ РЕСП,2019,2019Q1,0.0,1
САХА /ЯКУТИЯ/ РЕСП,2019,2019Q2,0.0,2
САХА /ЯКУТИЯ/ РЕСП,2019,2019Q3,0.0,3
САХА /ЯКУТИЯ/ РЕСП,2019,2019Q4,0.0,4
САХА /ЯКУТИЯ/ РЕСП,2020,2020Q1,0.0,1
САХА /ЯКУТИЯ/ РЕСП,2020,2020Q2,0.0,2
САХА /ЯКУТИЯ/ РЕСП,2020,2020Q3,0.0,3
САХА /ЯКУТИЯ/ РЕСП,2020,2020Q4,0.0,4
САХА /ЯКУТИЯ/ РЕСП,2021,2021Q1,0.0,1
САХА /ЯКУТИЯ/ РЕСП,2021,2021Q2,0.07692307692307693,2
САХА /ЯКУТИЯ/ РЕСП,2021,2021Q3,0.0,3
САХА /ЯКУТИЯ/ РЕСП,2021,2021Q4,0.0,4
САХА /ЯКУТИЯ/ РЕСП,2022,2022Q1,0.0,1
САХА /ЯКУТИЯ/ РЕСП,2022,2022Q2,0.0,2
САХА /ЯКУТИЯ/ РЕСП,2022,2022Q3,0.0,3
САХА /ЯКУТИЯ/ РЕСП,2022,2022Q4,0.0,4
САХАЛИНСКАЯ ОБЛ,2018,2018Q1,0.02414486921529175,1
САХАЛИНСКАЯ ОБЛ,2018,2018Q2,0.009727626459143969,2
САХАЛИНСКАЯ ОБЛ,2018,2018Q3,0.009487666034155597,3
САХАЛИНСКАЯ ОБЛ,2018,2018Q4,0.017118402282453638,4
САХАЛИНСКАЯ ОБЛ,2019,2019Q1,0.009174311926605505,1
САХАЛИНСКАЯ ОБЛ,2019,2019Q2,0.008741258741258742,2
САХАЛИНСКАЯ ОБЛ,2019,2019Q3,0.0016891891891891893,3
САХАЛИНСКАЯ ОБЛ,2019,2019Q4,0.0,4
САХАЛИНСКАЯ ОБЛ,2020,2020Q1,0.0,1
САХАЛИНСКАЯ ОБЛ,2020,2020Q2,0.0,2
САХАЛИНСКАЯ ОБЛ,2020,2020Q3,0.0,3
САХАЛИНСКАЯ ОБЛ,2020,2020Q4,0.1141025641025641,4
САХАЛИНСКАЯ ОБЛ,2021,2021Q1,0.028282828282828285,1
САХАЛИНСКАЯ ОБЛ,2021,2021Q2,0.008869179600886918,2
САХАЛИНСКАЯ ОБЛ,2021,2021Q3,0.0087527352297593,3
САХАЛИНСКАЯ ОБЛ,2021,2021Q4,0.01015228426395939,4
САХАЛИНСКАЯ ОБЛ,2022,2022Q1,0.005979073243647235,1
САХАЛИНСКАЯ ОБЛ,2022,2022Q2,0.016058394160583942,2
САХАЛИНСКАЯ ОБЛ,2022,2022Q3,0.014044943820224719,3
САХАЛИНСКАЯ ОБЛ,2022,2022Q4,0.002797202797202797,4
СВЕРДЛОВСКАЯ ОБЛ,2018,2018Q1,0.07400379506641366,1
СВЕРДЛОВСКАЯ ОБЛ,2018,2018Q2,0.03711340206185567,2
СВЕРДЛОВСКАЯ ОБЛ,2018,2018Q3,0.02301255230125523,3
СВЕРДЛОВСКАЯ ОБЛ,2018,2018Q4,0.0038339723287214534,4
СВЕРДЛОВСКАЯ ОБЛ,2019,2019Q1,0.004597701149425287,1
СВЕРДЛОВСКАЯ ОБЛ,2019,2019Q2,0.018433179723502304,2
СВЕРДЛОВСКАЯ ОБЛ,2019,2019Q3,0.014492753623188406,3
СВЕРДЛОВСКАЯ ОБЛ,2019,2019Q4,0.004945598417408506,4
СВЕРДЛОВСКАЯ ОБЛ,2020,2020Q1,0.021691973969631236,1
СВЕРДЛОВСКАЯ ОБЛ,2020,2020Q2,0.017475728155339806,2
СВЕРДЛОВСКАЯ ОБЛ,2020,2020Q3,0.011787819253438114,3
СВЕРДЛОВСКАЯ ОБЛ,2020,2020Q4,0.004957620342235727,4
СВЕРДЛОВСКАЯ ОБЛ,2021,2021Q1,0.02495201535508637,1
СВЕРДЛОВСКАЯ ОБЛ,2021,2021Q2,0.03544776119402985,2
СВЕРДЛОВСКАЯ ОБЛ,2021,2021Q3,0.005050505050505051,3
СВЕРДЛОВСКАЯ ОБЛ,2021,2021Q4,0.0025997858999847073,4
СВЕРДЛОВСКАЯ ОБЛ,2022,2022Q1,0.011904761904761904,1
СВЕРДЛОВСКАЯ ОБЛ,2022,2022Q2,0.010680907877169559,2
СВЕРДЛОВСКАЯ ОБЛ,2022,2022Q3,0.0037546933667083854,3
СВЕРДЛОВСКАЯ ОБЛ,2022,2022Q4,0.0,4
СЕВЕРНАЯ ОСЕТИЯ - АЛАНИЯ РЕСП,2018,2018Q1,0.0,1
СЕВЕРНАЯ ОСЕТИЯ - АЛАНИЯ РЕСП,2018,2018Q2,0.0,2
СЕВЕРНАЯ ОСЕТИЯ - АЛАНИЯ РЕСП,2018,2018Q3,0.0,3
СЕВЕРНАЯ ОСЕТИЯ - АЛАНИЯ РЕСП,2018,2018Q4,0.0,4
СЕВЕРНАЯ ОСЕТИЯ - АЛАНИЯ РЕСП,2019,2019Q1,0.0,1
СЕВЕРНАЯ ОСЕТИЯ - АЛАНИЯ РЕСП,2019,2019Q2,0.0,2
СЕВЕРНАЯ ОСЕТИЯ - АЛАНИЯ РЕСП,2019,2019Q3,0.0,3
СЕВЕРНАЯ ОСЕТИЯ - АЛАНИЯ РЕСП,2019,2019Q4,0.0,4
СЕВЕРНАЯ ОСЕТИЯ - АЛАНИЯ РЕСП,2020,2020Q1,0.0,1
СЕВЕРНАЯ ОСЕТИЯ - АЛАНИЯ РЕСП,2020,2020Q2,0.0,2
СЕВЕРНАЯ ОСЕТИЯ - АЛАНИЯ РЕСП,2020,2020Q3,0.0,3
СЕВЕРНАЯ ОСЕТИЯ - АЛАНИЯ РЕСП,2020,2020Q4,0.0,4
СЕВЕРНАЯ ОСЕТИЯ - АЛАНИЯ РЕСП,2021,2021Q1,0.0,1
СЕВЕРНАЯ ОСЕТИЯ - АЛАНИЯ РЕСП,2021,2021Q2,0.0,2
СЕВЕРНАЯ ОСЕТИЯ - АЛАНИЯ РЕСП,2021,2021Q3,0.0,3
СЕВЕРНАЯ ОСЕТИЯ - АЛАНИЯ РЕСП,2021,2021Q4,0.0,4
СЕВЕРНАЯ ОСЕТИЯ - АЛАНИЯ РЕСП,2022,2022Q1,0.0,1
СЕВЕРНАЯ ОСЕТИЯ - АЛАНИЯ РЕСП,2022,2022Q2,0.0,2
СЕВЕРНАЯ ОСЕТИЯ - АЛАНИЯ РЕСП,2022,2022Q3,0.0,3
СЕВЕРНАЯ ОСЕТИЯ - АЛАНИЯ РЕСП,2022,2022Q4,0.0,4
СМОЛЕНСКАЯ ОБЛ,2018,2018Q1,0.009708737864077669,1
СМОЛЕНСКАЯ ОБЛ,2018,2018Q2,0.04672897196261682,2
СМОЛЕНСКАЯ ОБЛ,2018,2018Q3,0.01904761904761905,3
СМОЛЕНСКАЯ ОБЛ,2018,2018Q4,0.04905660377358491,4
СМОЛЕНСКАЯ ОБЛ,2019,2019Q1,0.02040816326530612,1
СМОЛЕНСКАЯ ОБЛ,2019,2019Q2,0.019230769230769232,2
СМОЛЕНСКАЯ ОБЛ,2019,2019Q3,0.010416666666666666,3
СМОЛЕНСКАЯ ОБЛ,2019,2019Q4,0.0037593984962406013,4
СМОЛЕНСКАЯ ОБЛ,2020,2020Q1,0.0,1
СМОЛЕНСКАЯ ОБЛ,2020,2020Q2,0.0,2
СМОЛЕНСКАЯ ОБЛ,2020,2020Q3,0.0,3
СМОЛЕНСКАЯ ОБЛ,2020,2020Q4,0.045283018867924525,4
СМОЛЕНСКАЯ ОБЛ,2021,2021Q1,0.03409090909090909,1
СМОЛЕНСКАЯ ОБЛ,2021,2021Q2,0.0975609756097561,2
СМОЛЕНСКАЯ ОБЛ,2021,2021Q3,0.03296703296703297,3
СМОЛЕНСКАЯ ОБЛ,2021,2021Q4,0.012244897959183673,4
СМОЛЕНСКАЯ ОБЛ,2022,2022Q1,0.024691358024691357,1
СМОЛЕНСКАЯ ОБЛ,2022,2022Q2,0.024691358024691357,2
СМОЛЕНСКАЯ ОБЛ,2022,2022Q3,0.0,3
СМОЛЕНСКАЯ ОБЛ,2022,2022Q4,0.0,4
СТАВРОПОЛЬСКИЙ КРАЙ,2018,2018Q1,0.02727272727272727,1
СТАВРОПОЛЬСКИЙ КРАЙ,2018,2018Q2,0.017543859649122806,2
СТАВРОПОЛЬСКИЙ КРАЙ,2018,2018Q3,0.0029498525073746312,3
СТАВРОПОЛЬСКИЙ КРАЙ,2018,2018Q4,0.03130148270181219,4
СТАВРОПОЛЬСКИЙ КРАЙ,2019,2019Q1,0.02203856749311295,1
СТАВРОПОЛЬСКИЙ КРАЙ,2019,2019Q2,0.03581267217630854,2
СТАВРОПОЛЬСКИЙ КРАЙ,2019,2019Q3,0.021798365122615803,3
СТАВРОПОЛЬСКИЙ КРАЙ,2019,2019Q4,0.0,4
СТАВРОПОЛЬСКИЙ КРАЙ,2020,2020Q1,0.0,1
СТАВРОПОЛЬСКИЙ КРАЙ,2020,2020Q2,0.0,2
СТАВРОПОЛЬСКИЙ КРАЙ,2020,2020Q3,0.0,3
СТАВРОПОЛЬСКИЙ КРАЙ,2020,2020Q4,0.15594855305466238,4
СТАВРОПОЛЬСКИЙ КРАЙ,2021,2021Q1,0.1037037037037037,1
СТАВРОПОЛЬСКИЙ КРАЙ,2021,2021Q2,0.053231939163498096,2
СТАВРОПОЛЬСКИЙ КРАЙ,2021,2021Q3,0.05737704918032787,3
СТАВРОПОЛЬСКИЙ КРАЙ,2021,2021Q4,0.023483365949119372,4
СТАВРОПОЛЬСКИЙ КРАЙ,2022,2022Q1,0.04219409282700422,1
СТАВРОПОЛЬСКИЙ КРАЙ,2022,2022Q2,0.05726872246696035,2
СТАВРОПОЛЬСКИЙ КРАЙ,2022,2022Q3,0.004405286343612335,3
СТАВРОПОЛЬСКИЙ КРАЙ,2022,2022Q4,0.0,4
ТАМБОВСКАЯ ОБЛ,2018,2018Q1,0.0,1
ТАМБОВСКАЯ ОБЛ,2018,2018Q2,0.038461538461538464,2
ТАМБОВСКАЯ ОБЛ,2018,2018Q3,0.0,3
ТАМБОВСКАЯ ОБЛ,2018,2018Q4,0.009345794392523364,4
ТАМБОВСКАЯ ОБЛ,2019,2019Q1,0.0,1
ТАМБОВСКАЯ ОБЛ,2019,2019Q2,0.01818181818181818,2
ТАМБОВСКАЯ ОБЛ,2019,2019Q3,0.0,3
ТАМБОВСКАЯ ОБЛ,2019,2019Q4,0.0,4
ТАМБОВСКАЯ ОБЛ,2020,2020Q1,0.0,1
ТАМБОВСКАЯ ОБЛ,2020,2020Q2,0.016666666666666666,2
ТАМБОВСКАЯ ОБЛ,2020,2020Q3,0.0,3
ТАМБОВСКАЯ ОБЛ,2020,2020Q4,0.017793594306049824,4
ТАМБОВСКАЯ ОБЛ,2021,2021Q1,0.018518518518518517,1
ТАМБОВСКАЯ ОБЛ,2021,2021Q2,0.01818181818181818,2
ТАМБОВСКАЯ ОБЛ,2021,2021Q3,0.03508771929824561,3
ТАМБОВСКАЯ ОБЛ,2021,2021Q4,0.01098901098901099,4
ТАМБОВСКАЯ ОБЛ,2022,2022Q1,0.01818181818181818,1
ТАМБОВСКАЯ ОБЛ,2022,2022Q2,0.03508771929824561,2
ТАМБОВСКАЯ ОБЛ,2022,2022Q3,0.017543859649122806,3
ТАМБОВСКАЯ ОБЛ,2022,2022Q4,0.0,4
ТАТАРСТАН,2021,2021Q1,0.0,1
ТАТАРСТАН,2021,2021Q2,0.0,2
ТАТАРСТАН,2021,2021Q3,0.0,3
ТАТАРСТАН,2021,2021Q4,0.0,4
ТАТАРСТАН,2022,2022Q1,0.0,1
ТАТАРСТАН,2022,2022Q2,0.0,2
ТАТАРСТАН,2022,2022Q3,0.0,3
ТАТАРСТАН,2022,2022Q4,0.0,4
ТВЕРСКАЯ ОБЛ,2018,2018Q1,0.034482758620689655,1
ТВЕРСКАЯ ОБЛ,2018,2018Q2,0.0,2
ТВЕРСКАЯ ОБЛ,2018,2018Q3,0.0,3
ТВЕРСКАЯ ОБЛ,2018,2018Q4,0.005813953488372093,4
ТВЕРСКАЯ ОБЛ,2019,2019Q1,0.0,1
ТВЕРСКАЯ ОБЛ,2019,2019Q2,0.0,2
ТВЕРСКАЯ ОБЛ,2019,2019Q3,0.0,3
ТВЕРСКАЯ ОБЛ,2019,2019Q4,0.0,4
ТВЕРСКАЯ ОБЛ,2020,2020Q1,0.0,1
ТВЕРСКАЯ ОБЛ,2020,2020Q2,0.0,2
ТВЕРСКАЯ ОБЛ,2020,2020Q3,0.0,3
ТВЕРСКАЯ ОБЛ,2020,2020Q4,0.0,4
ТВЕРСКАЯ ОБЛ,2021,2021Q1,0.047619047619047616,1
ТВЕРСКАЯ ОБЛ,2021,2021Q2,0.08,2
ТВЕРСКАЯ ОБЛ,2021,2021Q3,0.04,3
ТВЕРСКАЯ ОБЛ,2021,2021Q4,0.0,4
ТВЕРСКАЯ ОБЛ,2022,2022Q1,0.0,1
ТВЕРСКАЯ ОБЛ,2022,2022Q2,0.0,2
ТВЕРСКАЯ ОБЛ,2022,2022Q3,0.0,3
ТВЕРСКАЯ ОБЛ,2022,2022Q4,0.0,4
ТОМСКАЯ ОБЛ,2018,2018Q1,0.03680981595092025,1
ТОМСКАЯ ОБЛ,2018,2018Q2,0.03932584269662921,2
ТОМСКАЯ ОБЛ,2018,2018Q3,0.011494252873563218,3
ТОМСКАЯ ОБЛ,2018,2018Q4,0.02735562310030395,4
ТОМСКАЯ ОБЛ,2019,2019Q1,0.03977272727272727,1
ТОМСКАЯ ОБЛ,2019,2019Q2,0.005649717514124294,2
ТОМСКАЯ ОБЛ,2019,2019Q3,0.03125,3
ТОМСКАЯ ОБЛ,2019,2019Q4,0.002785515320334262,4
ТОМСКАЯ ОБЛ,2020,2020Q1,0.0,1
ТОМСКАЯ ОБЛ,2020,2020Q2,0.0,2
ТОМСКАЯ ОБЛ,2020,2020Q3,0.00510204081632653,3
ТОМСКАЯ ОБЛ,2020,2020Q4,0.04289544235924933,4
ТОМСКАЯ ОБЛ,2021,2021Q1,0.06315789473684211,1
ТОМСКАЯ ОБЛ,2021,2021Q2,0.04736842105263158,2
ТОМСКАЯ ОБЛ,2021,2021Q3,0.046153846153846156,3
ТОМСКАЯ ОБЛ,2021,2021Q4,0.0223463687150838,4
ТОМСКАЯ ОБЛ,2022,2022Q1,0.015625,1
ТОМСКАЯ ОБЛ,2022,2022Q2,0.022935779816513763,2
ТОМСКАЯ ОБЛ,2022,2022Q3,0.01593625498007968,3
ТОМСКАЯ ОБЛ,2022,2022Q4,0.0,4
ТУЛЬСКАЯ ОБЛ,2018,2018Q1,0.029411764705882353,1
ТУЛЬСКАЯ ОБЛ,2018,2018Q2,0.0,2
ТУЛЬСКАЯ ОБЛ,2018,2018Q3,0.0,3
ТУЛЬСКАЯ ОБЛ,2018,2018Q4,0.021739130434782608,4
ТУЛЬСКАЯ ОБЛ,2019,2019Q1,0.0,1
ТУЛЬСКАЯ ОБЛ,2019,2019Q2,0.029411764705882353,2
ТУЛЬСКАЯ ОБЛ,2019,2019Q3,0.029411764705882353,3
ТУЛЬСКАЯ ОБЛ,2019,2019Q4,0.010526315789473684,4
ТУЛЬСКАЯ ОБЛ,2020,2020Q1,0.0,1
ТУЛЬСКАЯ ОБЛ,2020,2020Q2,0.02857142857142857,2
ТУЛЬСКАЯ ОБЛ,2020,2020Q3,0.0,3
ТУЛЬСКАЯ ОБЛ,2020,2020Q4,0.049019607843137254,4
ТУЛЬСКАЯ ОБЛ,2021,2021Q1,0.06896551724137931,1
ТУЛЬСКАЯ ОБЛ,2021,2021Q2,0.0,2
ТУЛЬСКАЯ ОБЛ,2021,2021Q3,0.0,3
ТУЛЬСКАЯ ОБЛ,2021,2021Q4,0.00980392156862745,4
ТУЛЬСКАЯ ОБЛ,2022,2022Q1,0.0,1
ТУЛЬСКАЯ ОБЛ,2022,2022Q2,0.025,2
ТУЛЬСКАЯ ОБЛ,2022,2022Q3,0.0,3
ТУЛЬСКАЯ ОБЛ,2022,2022Q4,0.0,4
ТЫВА РЕСП,2018,2018Q1,0.0,1
ТЫВА РЕСП,2018,2018Q2,0.0,2
ТЫВА РЕСП,2018,2018Q3,0.0,3
ТЫВА РЕСП,2018,2018Q4,0.0,4
ТЫВА РЕСП,2019,2019Q1,0.0,1
ТЫВА РЕСП,2019,2019Q2,0.0,2
ТЫВА РЕСП,2019,2019Q3,0.0,3
ТЫВА РЕСП,2019,2019Q4,0.0,4
ТЫВА РЕСП,2020,2020Q1,0.0,1
ТЫВА РЕСП,2020,2020Q2,0.0,2
ТЫВА РЕСП,2020,2020Q3,0.0,3
ТЫВА РЕСП,2020,2020Q4,0.0,4
ТЫВА РЕСП,2021,2021Q1,0.0,1
ТЫВА РЕСП,2021,2021Q2,0.0,2
ТЫВА РЕСП,2021,2021Q3,0.0,3
ТЫВА РЕСП,2021,2021Q4,0.0,4
ТЫВА РЕСП,2022,2022Q1,0.0,1
ТЫВА РЕСП,2022,2022Q2,0.0,2
ТЫВА РЕСП,2022,2022Q3,0.0,3
ТЫВА РЕСП,2022,2022Q4,0.0,4
ТЮМЕНСКАЯ ОБЛ,2018,2018Q1,0.024,1
ТЮМЕНСКАЯ ОБЛ,2018,2018Q2,0.01606425702811245,2
ТЮМЕНСКАЯ ОБЛ,2018,2018Q3,0.02459016393442623,3
ТЮМЕНСКАЯ ОБЛ,2018,2018Q4,0.010165184243964422,4
ТЮМЕНСКАЯ ОБЛ,2019,2019Q1,0.0075046904315197,1
ТЮМЕНСКАЯ ОБЛ,2019,2019Q2,0.013108614232209739,2
ТЮМЕНСКАЯ ОБЛ,2019,2019Q3,0.009416195856873822,3
ТЮМЕНСКАЯ ОБЛ,2019,2019Q4,0.0023894862604540022,4
ТЮМЕНСКАЯ ОБЛ,2020,2020Q1,0.0,1
ТЮМЕНСКАЯ ОБЛ,2020,2020Q2,0.0017730496453900709,2
ТЮМЕНСКАЯ ОБЛ,2020,2020Q3,0.0,3
ТЮМЕНСКАЯ ОБЛ,2020,2020Q4,0.06836616454229433,4
ТЮМЕНСКАЯ ОБЛ,2021,2021Q1,0.036297640653357534,1
ТЮМЕНСКАЯ ОБЛ,2021,2021Q2,0.0036968576709796672,2
ТЮМЕНСКАЯ ОБЛ,2021,2021Q3,0.02722323049001815,3
ТЮМЕНСКАЯ ОБЛ,2021,2021Q4,0.025149700598802394,4
ТЮМЕНСКАЯ ОБЛ,2022,2022Q1,0.015437392795883362,1
ТЮМЕНСКАЯ ОБЛ,2022,2022Q2,0.02555366269165247,2
ТЮМЕНСКАЯ ОБЛ,2022,2022Q3,0.009966777408637873,3
ТЮМЕНСКАЯ ОБЛ,2022,2022Q4,0.0,4
УДМУРТСКАЯ РЕСП,2018,2018Q1,0.04601648351648352,1
УДМУРТСКАЯ РЕСП,2018,2018Q2,0.028120713305898493,2
УДМУРТСКАЯ РЕСП,2018,2018Q3,0.02929427430093209,3
УДМУРТСКАЯ РЕСП,2018,2018Q4,0.0199501246882793,4
УДМУРТСКАЯ РЕСП,2019,2019Q1,0.019668100799016593,1
УДМУРТСКАЯ РЕСП,2019,2019Q2,0.015179113539769277,2
УДМУРТСКАЯ РЕСП,2019,2019Q3,0.02530120481927711,3
УДМУРТСКАЯ РЕСП,2019,2019Q4,0.0023769100169779285,4
УДМУРТСКАЯ РЕСП,2020,2020Q1,0.0005973715651135006,1
УДМУРТСКАЯ РЕСП,2020,2020Q2,0.0005837711617046118,2
УДМУРТСКАЯ РЕСП,2020,2020Q3,0.0,3
УДМУРТСКАЯ РЕСП,2020,2020Q4,0.0687382297551789,4
УДМУРТСКАЯ РЕСП,2021,2021Q1,0.05545286506469501,1
УДМУРТСКАЯ РЕСП,2021,2021Q2,0.03459119496855346,2
УДМУРТСКАЯ РЕСП,2021,2021Q3,0.032196969696969696,3
УДМУРТСКАЯ РЕСП,2021,2021Q4,0.01858864027538726,4
УДМУРТСКАЯ РЕСП,2022,2022Q1,0.02091254752851711,1
УДМУРТСКАЯ РЕСП,2022,2022Q2,0.03877423389618512,2
УДМУРТСКАЯ РЕСП,2022,2022Q3,0.023125,3
УДМУРТСКАЯ РЕСП,2022,2022Q4,0.0,4
УЛЬЯНОВСКАЯ ОБЛ,2018,2018Q1,0.0,1
УЛЬЯНОВСКАЯ ОБЛ,2018,2018Q2,0.0,2
УЛЬЯНОВСКАЯ ОБЛ,2018,2018Q3,0.0,3
УЛЬЯНОВСКАЯ ОБЛ,2018,2018Q4,0.008333333333333333,4
УЛЬЯНОВСКАЯ ОБЛ,2019,2019Q1,0.0,1
УЛЬЯНОВСКАЯ ОБЛ,2019,2019Q2,0.0,2
УЛЬЯНОВСКАЯ ОБЛ,2019,2019Q3,0.0,3
УЛЬЯНОВСКАЯ ОБЛ,2019,2019Q4,0.0,4
УЛЬЯНОВСКАЯ ОБЛ,2020,2020Q1,0.0,1
УЛЬЯНОВСКАЯ ОБЛ,2020,2020Q2,0.0,2
УЛЬЯНОВСКАЯ ОБЛ,2020,2020Q3,0.0,3
УЛЬЯНОВСКАЯ ОБЛ,2020,2020Q4,0.00992063492063492,4
УЛЬЯНОВСКАЯ ОБЛ,2021,2021Q1,0.06382978723404255,1
УЛЬЯНОВСКАЯ ОБЛ,2021,2021Q2,0.0,2
УЛЬЯНОВСКАЯ ОБЛ,2021,2021Q3,0.043478260869565216,3
УЛЬЯНОВСКАЯ ОБЛ,2021,2021Q4,0.003898635477582846,4
УЛЬЯНОВСКАЯ ОБЛ,2022,2022Q1,0.03571428571428571,1
УЛЬЯНОВСКАЯ ОБЛ,2022,2022Q2,0.03571428571428571,2
УЛЬЯНОВСКАЯ ОБЛ,2022,2022Q3,0.0,3
УЛЬЯНОВСКАЯ ОБЛ,2022,2022Q4,0.0,4
ХАБАРОВСКИЙ КРАЙ,2018,2018Q1,0.005952380952380952,1
ХАБАРОВСКИЙ КРАЙ,2018,2018Q2,0.005791505791505791,2
ХАБАРОВСКИЙ КРАЙ,2018,2018Q3,0.015238095238095238,3
ХАБАРОВСКИЙ КРАЙ,2018,2018Q4,0.011034482758620689,4
ХАБАРОВСКИЙ КРАЙ,2019,2019Q1,0.0076045627376425855,1
ХАБАРОВСКИЙ КРАЙ,2019,2019Q2,0.007339449541284404,2
ХАБАРОВСКИЙ КРАЙ,2019,2019Q3,0.005474452554744526,3
ХАБАРОВСКИЙ КРАЙ,2019,2019Q4,0.0,4
ХАБАРОВСКИЙ КРАЙ,2020,2020Q1,0.0,1
ХАБАРОВСКИЙ КРАЙ,2020,2020Q2,0.0,2
ХАБАРОВСКИЙ КРАЙ,2020,2020Q3,0.0,3
ХАБАРОВСКИЙ КРАЙ,2020,2020Q4,0.05616605616605617,4
ХАБАРОВСКИЙ КРАЙ,2021,2021Q1,0.02857142857142857,1
ХАБАРОВСКИЙ КРАЙ,2021,2021Q2,0.01468189233278956,2
ХАБАРОВСКИЙ КРАЙ,2021,2021Q3,0.017391304347826087,3
ХАБАРОВСКИЙ КРАЙ,2021,2021Q4,0.010351966873706004,4
ХАБАРОВСКИЙ КРАЙ,2022,2022Q1,0.03299492385786802,1
ХАБАРОВСКИЙ КРАЙ,2022,2022Q2,0.021144278606965175,2
ХАБАРОВСКИЙ КРАЙ,2022,2022Q3,0.012422360248447204,3
ХАБАРОВСКИЙ КРАЙ,2022,2022Q4,0.0,4
ХАКАСИЯ РЕСП,2018,2018Q1,0.03225806451612903,1
ХАКАСИЯ РЕСП,2018,2018Q2,0.0,2
ХАКАСИЯ РЕСП,2018,2018Q3,0.03125,3
ХАКАСИЯ РЕСП,2018,2018Q4,0.08823529411764706,4
ХАКАСИЯ РЕСП,2019,2019Q1,0.03225806451612903,1
ХАКАСИЯ РЕСП,2019,2019Q2,0.06451612903225806,2
ХАКАСИЯ РЕСП,2019,2019Q3,0.0,3
ХАКАСИЯ РЕСП,2019,2019Q4,0.0,4
ХАКАСИЯ РЕСП,2020,2020Q1,0.0,1
ХАКАСИЯ РЕСП,2020,2020Q2,0.0,2
ХАКАСИЯ РЕСП,2020,2020Q3,0.0,3
ХАКАСИЯ РЕСП,2020,2020Q4,0.09803921568627451,4
ХАКАСИЯ РЕСП,2021,2021Q1,0.02631578947368421,1
ХАКАСИЯ РЕСП,2021,2021Q2,0.0,2
ХАКАСИЯ РЕСП,2021,2021Q3,0.0,3
ХАКАСИЯ РЕСП,2021,2021Q4,0.018518518518518517,4
ХАКАСИЯ РЕСП,2022,2022Q1,0.023255813953488372,1
ХАКАСИЯ РЕСП,2022,2022Q2,0.0,2
ХАКАСИЯ РЕСП,2022,2022Q3,0.0,3
ХАКАСИЯ РЕСП,2022,2022Q4,0.0,4
ЧЕЛЯБИНСКАЯ ОБЛ,2018,2018Q1,0.0,1
ЧЕЛЯБИНСКАЯ ОБЛ,2018,2018Q2,0.021739130434782608,2
ЧЕЛЯБИНСКАЯ ОБЛ,2018,2018Q3,0.01098901098901099,3
ЧЕЛЯБИНСКАЯ ОБЛ,2018,2018Q4,0.0012634238787113076,4
ЧЕЛЯБИНСКАЯ ОБЛ,2019,2019Q1,0.011904761904761904,1
ЧЕЛЯБИНСКАЯ ОБЛ,2019,2019Q2,0.02912621359223301,2
ЧЕЛЯБИНСКАЯ ОБЛ,2019,2019Q3,0.0,3
ЧЕЛЯБИНСКАЯ ОБЛ,2019,2019Q4,0.003134796238244514,4
ЧЕЛЯБИНСКАЯ ОБЛ,2020,2020Q1,0.0,1
ЧЕЛЯБИНСКАЯ ОБЛ,2020,2020Q2,0.0,2
ЧЕЛЯБИНСКАЯ ОБЛ,2020,2020Q3,0.0,3
ЧЕЛЯБИНСКАЯ ОБЛ,2020,2020Q4,0.004110393423370522,4
ЧЕЛЯБИНСКАЯ ОБЛ,2021,2021Q1,0.010869565217391304,1
ЧЕЛЯБИНСКАЯ ОБЛ,2021,2021Q2,0.047337278106508875,2
ЧЕЛЯБИНСКАЯ ОБЛ,2021,2021Q3,0.006172839506172839,3
ЧЕЛЯБИНСКАЯ ОБЛ,2021,2021Q4,0.003869541182974019,4
ЧЕЛЯБИНСКАЯ ОБЛ,2022,2022Q1,0.02247191011235955,1
ЧЕЛЯБИНСКАЯ ОБЛ,2022,2022Q2,0.027472527472527472,2
ЧЕЛЯБИНСКАЯ ОБЛ,2022,2022Q3,0.005154639175257732,3
ЧЕЛЯБИНСКАЯ ОБЛ,2022,2022Q4,0.0,4
ЧЕЧЕНСКАЯ РЕСП,2018,2018Q1,0.004761904761904762,1
ЧЕЧЕНСКАЯ РЕСП,2018,2018Q2,0.01904761904761905,2
ЧЕЧЕНСКАЯ РЕСП,2018,2018Q3,0.009569377990430622,3
ЧЕЧЕНСКАЯ РЕСП,2018,2018Q4,0.01171875,4
ЧЕЧЕНСКАЯ РЕСП,2019,2019Q1,0.014285714285714285,1
ЧЕЧЕНСКАЯ РЕСП,2019,2019Q2,0.0,2
ЧЕЧЕНСКАЯ РЕСП,2019,2019Q3,0.009569377990430622,3
ЧЕЧЕНСКАЯ РЕСП,2019,2019Q4,0.0,4
ЧЕЧЕНСКАЯ РЕСП,2020,2020Q1,0.0,1
ЧЕЧЕНСКАЯ РЕСП,2020,2020Q2,0.0,2
ЧЕЧЕНСКАЯ РЕСП,2020,2020Q3,0.0,3
ЧЕЧЕНСКАЯ РЕСП,2020,2020Q4,0.04794520547945205,4
ЧЕЧЕНСКАЯ РЕСП,2021,2021Q1,0.01702127659574468,1
ЧЕЧЕНСКАЯ РЕСП,2021,2021Q2,0.025,2
ЧЕЧЕНСКАЯ РЕСП,2021,2021Q3,0.021367521367521368,3
ЧЕЧЕНСКАЯ РЕСП,2021,2021Q4,0.035256410256410256,4
ЧЕЧЕНСКАЯ РЕСП,2022,2022Q1,0.012539184952978056,1
ЧЕЧЕНСКАЯ РЕСП,2022,2022Q2,0.012738853503184714,2
ЧЕЧЕНСКАЯ РЕСП,2022,2022Q3,0.012307692307692308,3
ЧЕЧЕНСКАЯ РЕСП,2022,2022Q4,0.0,4
ЧУВАШСКАЯ РЕСПУБЛИКА - ЧУВАШИЯ,2018,2018Q1,0.0,1
ЧУВАШСКАЯ РЕСПУБЛИКА - ЧУВАШИЯ,2018,2018Q2,0.0,2
ЧУВАШСКАЯ РЕСПУБЛИКА - ЧУВАШИЯ,2018,2018Q3,0.0,3
ЧУВАШСКАЯ РЕСПУБЛИКА - ЧУВАШИЯ,2018,2018Q4,0.0,4
ЧУВАШСКАЯ РЕСПУБЛИКА - ЧУВАШИЯ,2019,2019Q1,0.0,1
ЧУВАШСКАЯ РЕСПУБЛИКА - ЧУВАШИЯ,2019,2019Q2,0.0,2
ЧУВАШСКАЯ РЕСПУБЛИКА - ЧУВАШИЯ,2019,2019Q3,0.0,3
ЧУВАШСКАЯ РЕСПУБЛИКА - ЧУВАШИЯ,2019,2019Q4,0.006134969325153374,4
ЧУВАШСКАЯ РЕСПУБЛИКА - ЧУВАШИЯ,2020,2020Q1,0.0,1
ЧУВАШСКАЯ РЕСПУБЛИКА - ЧУВАШИЯ,2020,2020Q2,0.0,2
ЧУВАШСКАЯ РЕСПУБЛИКА - ЧУВАШИЯ,2020,2020Q3,0.0,3
ЧУВАШСКАЯ РЕСПУБЛИКА - ЧУВАШИЯ,2020,2020Q4,0.0058823529411764705,4
ЧУВАШСКАЯ РЕСПУБЛИКА - ЧУВАШИЯ,2021,2021Q1,0.0,1
ЧУВАШСКАЯ РЕСПУБЛИКА - ЧУВАШИЯ,2021,2021Q2,0.015384615384615385,2
ЧУВАШСКАЯ РЕСПУБЛИКА - ЧУВАШИЯ,2021,2021Q3,0.0,3
ЧУВАШСКАЯ РЕСПУБЛИКА - ЧУВАШИЯ,2021,2021Q4,0.0,4
ЧУВАШСКАЯ РЕСПУБЛИКА - ЧУВАШИЯ,2022,2022Q1,0.0,1
ЧУВАШСКАЯ РЕСПУБЛИКА - ЧУВАШИЯ,2022,2022Q2,0.013333333333333334,2
ЧУВАШСКАЯ РЕСПУБЛИКА - ЧУВАШИЯ,2022,2022Q3,0.0,3
ЧУВАШСКАЯ РЕСПУБЛИКА - ЧУВАШИЯ,2022,2022Q4,0.0,4
ЯМАЛО-НЕНЕЦКИЙ АО,2018,2018Q1,0.02666666666666667,1
ЯМАЛО-НЕНЕЦКИЙ АО,2018,2018Q2,0.03994673768308921,2
ЯМАЛО-НЕНЕЦКИЙ АО,2018,2018Q3,0.0027063599458728013,3
ЯМАЛО-НЕНЕЦКИЙ АО,2018,2018Q4,0.013918629550321198,4
ЯМАЛО-НЕНЕЦКИЙ АО,2019,2019Q1,0.003870967741935484,1
ЯМАЛО-НЕНЕЦКИЙ АО,2019,2019Q2,0.006305170239596469,2
ЯМАЛО-НЕНЕЦКИЙ АО,2019,2019Q3,0.0012755102040816326,3
ЯМАЛО-НЕНЕЦКИЙ АО,2019,2019Q4,0.0,4
ЯМАЛО-НЕНЕЦКИЙ АО,2020,2020Q1,0.0,1
ЯМАЛО-НЕНЕЦКИЙ АО,2020,2020Q2,0.0,2
ЯМАЛО-НЕНЕЦКИЙ АО,2020,2020Q3,0.0,3
ЯМАЛО-НЕНЕЦКИЙ АО,2020,2020Q4,0.04127579737335835,4
ЯМАЛО-НЕНЕЦКИЙ АО,2021,2021Q1,0.0236318407960199,1
ЯМАЛО-НЕНЕЦКИЙ АО,2021,2021Q2,0.014102564102564103,2
ЯМАЛО-НЕНЕЦКИЙ АО,2021,2021Q3,0.00620347394540943,3
ЯМАЛО-НЕНЕЦКИЙ АО,2021,2021Q4,0.008587786259541985,4
ЯМАЛО-НЕНЕЦКИЙ АО,2022,2022Q1,0.009345794392523364,1
ЯМАЛО-НЕНЕЦКИЙ АО,2022,2022Q2,0.008602150537634409,2
ЯМАЛО-НЕНЕЦКИЙ АО,2022,2022Q3,0.0020876826722338203,3
ЯМАЛО-НЕНЕЦКИЙ АО,2022,2022Q4,0.0,4
ЯРОСЛАВСКАЯ ОБЛ,2018,2018Q1,0.0,1
ЯРОСЛАВСКАЯ ОБЛ,2018,2018Q2,0.046511627906976744,2
ЯРОСЛАВСКАЯ ОБЛ,2018,2018Q3,0.061224489795918366,3
ЯРОСЛАВСКАЯ ОБЛ,2018,2018Q4,0.008287292817679558,4
ЯРОСЛАВСКАЯ ОБЛ,2019,2019Q1,0.018867924528301886,1
ЯРОСЛАВСКАЯ ОБЛ,2019,2019Q2,0.0,2
ЯРОСЛАВСКАЯ ОБЛ,2019,2019Q3,0.0392156862745098,3
ЯРОСЛАВСКАЯ ОБЛ,2019,2019Q4,0.0,4
ЯРОСЛАВСКАЯ ОБЛ,2020,2020Q1,0.05357142857142857,1
ЯРОСЛАВСКАЯ ОБЛ,2020,2020Q2,0.0,2
ЯРОСЛАВСКАЯ ОБЛ,2020,2020Q3,0.017857142857142856,3
ЯРОСЛАВСКАЯ ОБЛ,2020,2020Q4,0.007575757575757576,4
ЯРОСЛАВСКАЯ ОБЛ,2021,2021Q1,0.018867924528301886,1
ЯРОСЛАВСКАЯ ОБЛ,2021,2021Q2,0.10526315789473684,2
ЯРОСЛАВСКАЯ ОБЛ,2021,2021Q3,0.02,3
ЯРОСЛАВСКАЯ ОБЛ,2021,2021Q4,0.013227513227513227,4
ЯРОСЛАВСКАЯ ОБЛ,2022,2022Q1,0.03278688524590164,1
ЯРОСЛАВСКАЯ ОБЛ,2022,2022Q2,0.05357142857142857,2
ЯРОСЛАВСКАЯ ОБЛ,2022,2022Q3,0.015151515151515152,3
ЯРОСЛАВСКАЯ ОБЛ,2022,2022Q4,0.0,4
