id,region,year,quarter,balance,lst_pmnt
0,АДЫГЕЯ РЕСП,2019,2019Q3,2085217.89,25104.95
1,АДЫГЕЯ РЕСП,2020,2020Q4,422441.72,14845.6
2,АДЫГЕЯ РЕСП,2021,2021Q1,190198.59,1910.57
3,АДЫГЕЯ РЕСП,2021,2021Q2,160695.83,6328.65
4,АДЫГЕЯ РЕСП,2021,2021Q3,30868.13,1382.83
5,АДЫГЕЯ РЕСП,2022,2022Q1,1021204.6,58859.01
6,АЛТАЙСКИЙ КРАЙ,2018,2018Q1,1065671.56,26420.87
7,АЛТАЙСКИЙ КРАЙ,2018,2018Q2,421698.09,9253.84
8,АЛТАЙСКИЙ КРАЙ,2018,2018Q3,202958.16999999998,3034.32
9,АЛТАЙСКИЙ КРАЙ,2018,2018Q4,772082.62,13208.75
10,АЛТАЙСКИЙ КРАЙ,2019,2019Q1,177364.26,7459.37
11,АЛТАЙСКИЙ КРАЙ,2019,2019Q2,195585.73,6151.860000000001
12,АЛТАЙСКИЙ КРАЙ,2019,2019Q3,178240.84,2149.65
13,АЛТАЙСКИЙ КРАЙ,2020,2020Q4,198363.76,8772.57
14,АЛТАЙСКИЙ КРАЙ,2021,2021Q1,1148083.46,19820.19
15,АЛТАЙСКИЙ КРАЙ,2021,2021Q2,377573.79,10492.84
16,АЛТАЙСКИЙ КРАЙ,2021,2021Q3,349167.26,1855.36
17,АЛТАЙСКИЙ КРАЙ,2021,2021Q4,47655.49,1998.2199999999998
18,АЛТАЙСКИЙ КРАЙ,2022,2022Q2,169435.47999999998,1700.8
19,АЛТАЙСКИЙ КРАЙ,2022,2022Q3,76046.1,7452.07
20,АМУРСКАЯ ОБЛ,2019,2019Q1,620504.62,35274.73
21,АМУРСКАЯ ОБЛ,2021,2021Q3,8827.32,1655.12
22,АМУРСКАЯ ОБЛ,2022,2022Q2,223181.38,2266.18
23,АРХАНГЕЛЬСКАЯ ОБЛ,2018,2018Q1,2147869.73,42216.100000000006
24,АРХАНГЕЛЬСКАЯ ОБЛ,2018,2018Q2,530535.35,10823.01
25,АРХАНГЕЛЬСКАЯ ОБЛ,2018,2018Q3,466857.96,9674.079999999998
26,АРХАНГЕЛЬСКАЯ ОБЛ,2018,2018Q4,1298118.22,24676.8
27,АРХАНГЕЛЬСКАЯ ОБЛ,2019,2019Q1,1199867.98,37263.08
28,АРХАНГЕЛЬСКАЯ ОБЛ,2019,2019Q2,689846.24,13521.77
29,АРХАНГЕЛЬСКАЯ ОБЛ,2019,2019Q3,425150.62,12893.95
30,АРХАНГЕЛЬСКАЯ ОБЛ,2019,2019Q4,406914.55,12942.75
31,АРХАНГЕЛЬСКАЯ ОБЛ,2020,2020Q1,2310301.0,45751.01
32,АРХАНГЕЛЬСКАЯ ОБЛ,2020,2020Q2,1020527.35,19477.43
33,АРХАНГЕЛЬСКАЯ ОБЛ,2020,2020Q3,2020250.0499999998,37112.7
34,АРХАНГЕЛЬСКАЯ ОБЛ,2020,2020Q4,1815062.62,44915.95
35,АРХАНГЕЛЬСКАЯ ОБЛ,2021,2021Q1,2537153.95,99299.59999999999
36,АРХАНГЕЛЬСКАЯ ОБЛ,2021,2021Q2,1760862.02,45754.03
37,АРХАНГЕЛЬСКАЯ ОБЛ,2021,2021Q3,694912.84,37105.76
38,АРХАНГЕЛЬСКАЯ ОБЛ,2021,2021Q4,1049749.88,44728.2
39,АРХАНГЕЛЬСКАЯ ОБЛ,2022,2022Q1,1582536.94,69399.89
40,АРХАНГЕЛЬСКАЯ ОБЛ,2022,2022Q2,1209589.32,49266.38
41,АРХАНГЕЛЬСКАЯ ОБЛ,2022,2022Q3,1077016.73,37883.59
42,АСТРАХАНСКАЯ ОБЛ,2018,2018Q1,49267.06,3573.17
43,АСТРАХАНСКАЯ ОБЛ,2020,2020Q4,210802.65,15316.03
44,АСТРАХАНСКАЯ ОБЛ,2021,2021Q1,842575.46,18105.510000000002
45,АСТРАХАНСКАЯ ОБЛ,2021,2021Q3,414218.75,9206.37
46,АСТРАХАНСКАЯ ОБЛ,2021,2021Q4,20746.2,0.0
47,АСТРАХАНСКАЯ ОБЛ,2022,2022Q3,1096.64,631.81
48,БАШКОРТОСТАН РЕСП.,2022,2022Q1,39119.3,6144.72
49,БАШКОРТОСТАН РЕСП.,2022,2022Q2,11907.99,1343.86
50,БЕЛГОРОДСКАЯ ОБЛ,2018,2018Q1,363607.58,12833.24
51,БЕЛГОРОДСКАЯ ОБЛ,2018,2018Q2,458672.23,3611.21
52,БЕЛГОРОДСКАЯ ОБЛ,2018,2018Q3,933559.65,14664.359999999999
53,БЕЛГОРОДСКАЯ ОБЛ,2018,2018Q4,292806.42,10453.09
54,БЕЛГОРОДСКАЯ ОБЛ,2019,2019Q1,22957.17,2804.4700000000003
55,БЕЛГОРОДСКАЯ ОБЛ,2019,2019Q2,261157.06,6685.28
56,БЕЛГОРОДСКАЯ ОБЛ,2019,2019Q3,92026.51999999999,6713.200000000001
57,БЕЛГОРОДСКАЯ ОБЛ,2019,2019Q4,338801.09,16.15
58,БЕЛГОРОДСКАЯ ОБЛ,2020,2020Q4,367420.57,33331.75
59,БЕЛГОРОДСКАЯ ОБЛ,2021,2021Q1,336497.95,13130.88
60,БЕЛГОРОДСКАЯ ОБЛ,2021,2021Q2,518453.65,25071.52
61,БЕЛГОРОДСКАЯ ОБЛ,2021,2021Q3,114050.45000000001,5955.73
62,БЕЛГОРОДСКАЯ ОБЛ,2021,2021Q4,800582.64,5159.05
63,БЕЛГОРОДСКАЯ ОБЛ,2022,2022Q1,2086285.56,6963.6900000000005
64,БЕЛГОРОДСКАЯ ОБЛ,2022,2022Q2,1586670.21,5840.22
65,БЕЛГОРОДСКАЯ ОБЛ,2022,2022Q3,774046.28,9807.63
66,БРЯНСКАЯ ОБЛ,2018,2018Q1,5117.28,243.9
67,БРЯНСКАЯ ОБЛ,2018,2018Q2,11024.67,406.5
68,БРЯНСКАЯ ОБЛ,2018,2018Q3,14262.53,2294.81
69,БРЯНСКАЯ ОБЛ,2019,2019Q3,169922.05,2121.95
70,БРЯНСКАЯ ОБЛ,2020,2020Q3,102755.17,6665.04
71,БРЯНСКАЯ ОБЛ,2020,2020Q4,137301.4,11245.4
72,БРЯНСКАЯ ОБЛ,2021,2021Q1,874591.71,22177.26
73,БРЯНСКАЯ ОБЛ,2021,2021Q2,1043230.36,31404.379999999997
74,БРЯНСКАЯ ОБЛ,2021,2021Q4,700793.5399999999,17712.35
75,БРЯНСКАЯ ОБЛ,2022,2022Q2,95980.88,1167.09
76,БРЯНСКАЯ ОБЛ,2022,2022Q3,59675.57,2585.58
77,БУРЯТИЯ РЕСП,2018,2018Q1,186456.21,1483.8999999999999
78,БУРЯТИЯ РЕСП,2018,2018Q2,91260.95,1416.27
79,БУРЯТИЯ РЕСП,2018,2018Q4,593061.49,24373.89
80,БУРЯТИЯ РЕСП,2019,2019Q4,18270.54,402.43
81,БУРЯТИЯ РЕСП,2020,2020Q4,84082.86,2829.85
82,БУРЯТИЯ РЕСП,2021,2021Q1,83794.77,417.3
83,БУРЯТИЯ РЕСП,2021,2021Q2,54736.16,3132.7
84,БУРЯТИЯ РЕСП,2021,2021Q3,40232.94,1904.47
85,БУРЯТИЯ РЕСП,2021,2021Q4,64580.64,481.01
86,БУРЯТИЯ РЕСП,2022,2022Q2,28681.739999999998,1739.55
87,БУРЯТИЯ РЕСП,2022,2022Q3,31374.42,2764.38
88,ВЛАДИМИРСКАЯ ОБЛ,2018,2018Q4,1934048.6099999999,35.92
89,ВЛАДИМИРСКАЯ ОБЛ,2020,2020Q3,882838.92,11140.24
90,ВЛАДИМИРСКАЯ ОБЛ,2020,2020Q4,19761.36,1219.62
91,ВЛАДИМИРСКАЯ ОБЛ,2021,2021Q1,19258.74,406.5
92,ВЛАДИМИРСКАЯ ОБЛ,2021,2021Q3,21478.66,406.5
93,ВОЛГОГРАДСКАЯ ОБЛ,2018,2018Q3,154945.25,7902.43
94,ВОЛГОГРАДСКАЯ ОБЛ,2018,2018Q4,774172.56,21681.29
95,ВОЛГОГРАДСКАЯ ОБЛ,2019,2019Q1,50584.38,4156.05
96,ВОЛГОГРАДСКАЯ ОБЛ,2019,2019Q3,92815.1,5062.52
97,ВОЛГОГРАДСКАЯ ОБЛ,2020,2020Q4,31412.95,29117.87
98,ВОЛГОГРАДСКАЯ ОБЛ,2021,2021Q3,50499.6,2729.61
99,ВОЛГОГРАДСКАЯ ОБЛ,2021,2021Q4,678655.15,18081.32
100,ВОЛГОГРАДСКАЯ ОБЛ,2022,2022Q2,261833.74,9532.58
101,ВОЛГОГРАДСКАЯ ОБЛ,2022,2022Q3,296068.44999999995,39082.54
102,ВОЛОГОДСКАЯ ОБЛ,2018,2018Q1,6112563.42,45322.27
103,ВОЛОГОДСКАЯ ОБЛ,2018,2018Q2,3874558.57,29283.93
104,ВОЛОГОДСКАЯ ОБЛ,2018,2018Q3,3029707.8,26178.239999999998
105,ВОЛОГОДСКАЯ ОБЛ,2018,2018Q4,9755412.64,351133.0
106,ВОЛОГОДСКАЯ ОБЛ,2019,2019Q1,3313841.16,31619.67
107,ВОЛОГОДСКАЯ ОБЛ,2019,2019Q2,2812708.25,15838.449999999999
108,ВОЛОГОДСКАЯ ОБЛ,2019,2019Q3,1738673.35,11083.32
109,ВОЛОГОДСКАЯ ОБЛ,2019,2019Q4,9871701.79,433470.42
110,ВОЛОГОДСКАЯ ОБЛ,2020,2020Q1,2112175.86,16646.18
111,ВОЛОГОДСКАЯ ОБЛ,2020,2020Q2,2232143.05,14517.36
112,ВОЛОГОДСКАЯ ОБЛ,2020,2020Q3,2350473.03,14349.46
113,ВОЛОГОДСКАЯ ОБЛ,2020,2020Q4,8949417.69,576686.19
114,ВОЛОГОДСКАЯ ОБЛ,2021,2021Q1,2774358.43,21018.55
115,ВОЛОГОДСКАЯ ОБЛ,2021,2021Q2,3634994.6799999997,33734.7
116,ВОЛОГОДСКАЯ ОБЛ,2021,2021Q3,4469098.53,28331.489999999998
117,ВОЛОГОДСКАЯ ОБЛ,2021,2021Q4,9834701.58,458426.18
118,ВОЛОГОДСКАЯ ОБЛ,2022,2022Q1,2767449.99,17599.5
119,ВОЛОГОДСКАЯ ОБЛ,2022,2022Q2,3475223.88,22235.31
120,ВОЛОГОДСКАЯ ОБЛ,2022,2022Q3,991207.37,4756.05
121,ВОРОНЕЖСКАЯ ОБЛ,2018,2018Q1,4109.48,2221.9300000000003
122,ВОРОНЕЖСКАЯ ОБЛ,2018,2018Q2,230405.64,7961.97
123,ВОРОНЕЖСКАЯ ОБЛ,2018,2018Q3,28809.76,0.96
124,ВОРОНЕЖСКАЯ ОБЛ,2018,2018Q4,150453.7,1088.39
125,ВОРОНЕЖСКАЯ ОБЛ,2019,2019Q1,3857.4100000000003,8943.06
126,ВОРОНЕЖСКАЯ ОБЛ,2019,2019Q2,62869.8,1839.18
127,ВОРОНЕЖСКАЯ ОБЛ,2019,2019Q3,78817.98,271.2
128,ВОРОНЕЖСКАЯ ОБЛ,2020,2020Q4,122348.91,2479.35
129,ВОРОНЕЖСКАЯ ОБЛ,2021,2021Q1,25768.2,0.0
130,ВОРОНЕЖСКАЯ ОБЛ,2021,2021Q2,430545.19999999995,14071.84
131,ВОРОНЕЖСКАЯ ОБЛ,2021,2021Q3,53185.95,9159.95
132,ВОРОНЕЖСКАЯ ОБЛ,2021,2021Q4,1418044.0499999998,122708.27
133,ВОРОНЕЖСКАЯ ОБЛ,2022,2022Q2,25947.47,1720.62
134,ДАГЕСТАН РЕСП,2018,2018Q1,59830.68,625.0
135,ДАГЕСТАН РЕСП,2021,2021Q1,47608.94,1521.0
136,ЕВРЕЙСКАЯ АОБЛ,2021,2021Q4,461.93,0.03
137,ЗАБАЙКАЛЬСКИЙ КРАЙ,2018,2018Q1,72163.04,4438.61
138,ЗАБАЙКАЛЬСКИЙ КРАЙ,2021,2021Q1,186943.65,16030.4
139,ЗАБАЙКАЛЬСКИЙ КРАЙ,2021,2021Q2,128949.01,2856.43
140,ЗАБАЙКАЛЬСКИЙ КРАЙ,2021,2021Q3,50412.84,2869.07
141,ЗАБАЙКАЛЬСКИЙ КРАЙ,2022,2022Q1,185827.32,12182.52
142,ЗАБАЙКАЛЬСКИЙ КРАЙ,2022,2022Q2,105698.28,5497.34
143,ИВАНОВСКАЯ ОБЛ,2018,2018Q1,235695.35,3116.34
144,ИВАНОВСКАЯ ОБЛ,2018,2018Q2,113906.23,4891.48
145,ИВАНОВСКАЯ ОБЛ,2018,2018Q3,8946.44,650.4
146,ИВАНОВСКАЯ ОБЛ,2018,2018Q4,3489.26,280.48
147,ИВАНОВСКАЯ ОБЛ,2021,2021Q1,11276.01,243.9
148,ИВАНОВСКАЯ ОБЛ,2021,2021Q2,12027.07,243.9
149,ИВАНОВСКАЯ ОБЛ,2021,2021Q4,318895.92000000004,10836.65
150,ИНГУШЕТИЯ РЕСП,2018,2018Q2,27980.21,7742.06
151,ИНГУШЕТИЯ РЕСП,2021,2021Q2,16972.11,1766.26
152,ИРКУТСКАЯ ОБЛ,2018,2018Q1,2508020.42,75247.63
153,ИРКУТСКАЯ ОБЛ,2018,2018Q2,2364927.53,63879.92
154,ИРКУТСКАЯ ОБЛ,2018,2018Q3,2625065.02,59298.67
155,ИРКУТСКАЯ ОБЛ,2018,2018Q4,2694164.75,132114.07
156,ИРКУТСКАЯ ОБЛ,2019,2019Q1,1183430.02,45513.33
157,ИРКУТСКАЯ ОБЛ,2019,2019Q2,1369787.44,44039.67
158,ИРКУТСКАЯ ОБЛ,2019,2019Q3,459407.77,7935.969999999999
159,ИРКУТСКАЯ ОБЛ,2019,2019Q4,1351688.86,127256.34000000001
160,ИРКУТСКАЯ ОБЛ,2020,2020Q1,468732.39,37790.38
161,ИРКУТСКАЯ ОБЛ,2020,2020Q2,396796.94,13365.42
162,ИРКУТСКАЯ ОБЛ,2020,2020Q3,886131.44,26507.53
163,ИРКУТСКАЯ ОБЛ,2020,2020Q4,5748790.74,298477.91
164,ИРКУТСКАЯ ОБЛ,2021,2021Q1,8530356.9,260267.72
165,ИРКУТСКАЯ ОБЛ,2021,2021Q2,2738482.17,73497.1
166,ИРКУТСКАЯ ОБЛ,2021,2021Q3,2753517.4,142209.93
167,ИРКУТСКАЯ ОБЛ,2021,2021Q4,6779444.33,345263.73
168,ИРКУТСКАЯ ОБЛ,2022,2022Q1,5793300.68,171291.37
169,ИРКУТСКАЯ ОБЛ,2022,2022Q2,8075718.66,326707.88
170,ИРКУТСКАЯ ОБЛ,2022,2022Q3,3472675.78,129556.17
171,КАЛИНИНГРАДСКАЯ ОБЛ,2018,2018Q3,8976.130000000001,1219.5
172,КАЛИНИНГРАДСКАЯ ОБЛ,2019,2019Q4,76327.41,5447.27
173,КАЛИНИНГРАДСКАЯ ОБЛ,2020,2020Q4,257592.91,2032.52
174,КАЛИНИНГРАДСКАЯ ОБЛ,2021,2021Q2,2019653.66,19026.83
175,КАЛИНИНГРАДСКАЯ ОБЛ,2021,2021Q4,71284.24,406.5
176,КАЛУЖСКАЯ ОБЛ,2018,2018Q1,46344.96,1421.4
177,КАЛУЖСКАЯ ОБЛ,2018,2018Q4,602.04,0.05
178,КАЛУЖСКАЯ ОБЛ,2019,2019Q1,460076.42,3183.61
179,КАЛУЖСКАЯ ОБЛ,2019,2019Q2,136907.67,959.91
180,КАЛУЖСКАЯ ОБЛ,2019,2019Q4,252410.28999999998,3.92
181,КАЛУЖСКАЯ ОБЛ,2020,2020Q1,1285465.2,9388.89
182,КАЛУЖСКАЯ ОБЛ,2020,2020Q4,481236.23,3708.33
183,КАЛУЖСКАЯ ОБЛ,2021,2021Q1,5024.61,1724.39
184,КАЛУЖСКАЯ ОБЛ,2021,2021Q2,211955.28,4420.73
185,КАЛУЖСКАЯ ОБЛ,2021,2021Q4,137581.33000000002,1503.1699999999998
186,КАЛУЖСКАЯ ОБЛ,2022,2022Q2,723344.03,9014.63
187,КАМЧАТСКИЙ КРАЙ,2018,2018Q3,205490.38,8130.08
188,КАРАЧАЕВО-ЧЕРКЕССКАЯ РЕСП,2018,2018Q1,212624.43,2903.03
189,КАРАЧАЕВО-ЧЕРКЕССКАЯ РЕСП,2018,2018Q2,54207.16,3222.11
190,КАРАЧАЕВО-ЧЕРКЕССКАЯ РЕСП,2018,2018Q3,103522.02,876.62
191,КАРАЧАЕВО-ЧЕРКЕССКАЯ РЕСП,2020,2020Q4,158355.35,8264.6
192,КАРАЧАЕВО-ЧЕРКЕССКАЯ РЕСП,2021,2021Q1,29212.63,1037.39
193,КАРАЧАЕВО-ЧЕРКЕССКАЯ РЕСП,2021,2021Q2,86369.1,2923.57
194,КАРАЧАЕВО-ЧЕРКЕССКАЯ РЕСП,2022,2022Q1,65903.99,890.24
195,КАРАЧАЕВО-ЧЕРКЕССКАЯ РЕСП,2022,2022Q2,18633.33,2201.62
196,КАРЕЛИЯ РЕСП,2018,2018Q1,216544.63,1804.86
197,КАРЕЛИЯ РЕСП,2018,2018Q2,162518.47,862.3
198,КАРЕЛИЯ РЕСП,2018,2018Q3,100319.51000000001,1056.9
199,КАРЕЛИЯ РЕСП,2018,2018Q4,625597.94,6644.87
200,КАРЕЛИЯ РЕСП,2019,2019Q1,215542.61,1178.85
201,КАРЕЛИЯ РЕСП,2019,2019Q2,195564.41999999998,1219.5
202,КАРЕЛИЯ РЕСП,2019,2019Q3,97817.25,406.5
203,КАРЕЛИЯ РЕСП,2019,2019Q4,380998.95,4203.22
204,КАРЕЛИЯ РЕСП,2020,2020Q1,97895.44,512.93
205,КАРЕЛИЯ РЕСП,2020,2020Q2,123107.0,967.47
206,КАРЕЛИЯ РЕСП,2020,2020Q3,186471.79,975.6
207,КАРЕЛИЯ РЕСП,2020,2020Q4,114789.42,10089.449999999999
208,КАРЕЛИЯ РЕСП,2021,2021Q1,461313.6,4329.87
209,КАРЕЛИЯ РЕСП,2021,2021Q2,55037.92,2539.29
210,КАРЕЛИЯ РЕСП,2021,2021Q3,261151.50999999998,17402.22
211,КАРЕЛИЯ РЕСП,2021,2021Q4,282216.83,5032.5
212,КАРЕЛИЯ РЕСП,2022,2022Q1,59977.880000000005,8373.98
213,КАРЕЛИЯ РЕСП,2022,2022Q2,50001.73,162.6
214,КАРЕЛИЯ РЕСП,2022,2022Q3,368807.53,4471.54
215,КЕМЕРОВСКАЯ ОБЛ,2018,2018Q2,45226.88,2908.37
216,КЕМЕРОВСКАЯ ОБЛ,2020,2020Q4,4592.9,8878.15
217,КЕМЕРОВСКАЯ ОБЛ,2022,2022Q2,127091.34,3737.38
218,КЕМЕРОВСКАЯ ОБЛ,2022,2022Q3,179206.0,7135.09
219,КИРОВСКАЯ ОБЛ,2018,2018Q4,84635.07,3521.9199999999996
220,КИРОВСКАЯ ОБЛ,2019,2019Q1,56758.42,1009.78
221,КИРОВСКАЯ ОБЛ,2020,2020Q4,232202.34999999998,3055.4800000000005
222,КИРОВСКАЯ ОБЛ,2021,2021Q1,537806.1,11138.439999999999
223,КИРОВСКАЯ ОБЛ,2022,2022Q2,1076402.7200000002,8824.02
224,КОМИ РЕСП,2018,2018Q1,1343381.5,22836.28
225,КОМИ РЕСП,2018,2018Q2,528312.78,11428.61
226,КОМИ РЕСП,2018,2018Q3,645249.86,53747.04
227,КОМИ РЕСП,2018,2018Q4,794181.1,23664.42
228,КОМИ РЕСП,2019,2019Q1,521539.11,21121.690000000002
229,КОМИ РЕСП,2019,2019Q2,777335.32,14078.660000000002
230,КОМИ РЕСП,2019,2019Q3,817462.86,44582.33
231,КОМИ РЕСП,2019,2019Q4,66587.24,816.02
232,КОМИ РЕСП,2020,2020Q4,2227634.29,263585.11
233,КОМИ РЕСП,2021,2021Q1,1933063.21,56078.29
234,КОМИ РЕСП,2021,2021Q2,1154461.68,16858.370000000003
235,КОМИ РЕСП,2021,2021Q3,761500.5,26975.73
236,КОМИ РЕСП,2021,2021Q4,783775.7899999999,42265.99
237,КОМИ РЕСП,2022,2022Q1,3736397.12,34199.1
238,КОМИ РЕСП,2022,2022Q2,1649935.0899999999,30038.380000000005
239,КОМИ РЕСП,2022,2022Q3,680303.08,8039.5
240,КОСТРОМСКАЯ ОБЛ,2018,2018Q1,2878.57,406.5
241,КОСТРОМСКАЯ ОБЛ,2018,2018Q2,124572.79,4384.55
242,КОСТРОМСКАЯ ОБЛ,2018,2018Q4,88761.84,1331.37
243,КОСТРОМСКАЯ ОБЛ,2020,2020Q4,204.36,1260.77
244,КОСТРОМСКАЯ ОБЛ,2021,2021Q1,55981.79,5263.49
245,КОСТРОМСКАЯ ОБЛ,2021,2021Q2,38271.06,3328.5
246,КРАСНОДАРСКИЙ КРАЙ,2018,2018Q1,3767718.83,62530.48
247,КРАСНОДАРСКИЙ КРАЙ,2018,2018Q2,3143986.34,145992.68
248,КРАСНОДАРСКИЙ КРАЙ,2018,2018Q3,3115002.0,68383.63
249,КРАСНОДАРСКИЙ КРАЙ,2018,2018Q4,4454893.24,73545.51
250,КРАСНОДАРСКИЙ КРАЙ,2019,2019Q1,2768704.66,51931.38
251,КРАСНОДАРСКИЙ КРАЙ,2019,2019Q2,4496570.42,85468.07
252,КРАСНОДАРСКИЙ КРАЙ,2019,2019Q3,2229540.43,42220.71
253,КРАСНОДАРСКИЙ КРАЙ,2019,2019Q4,735518.9400000001,58574.71
254,КРАСНОДАРСКИЙ КРАЙ,2020,2020Q1,692116.36,20616.59
255,КРАСНОДАРСКИЙ КРАЙ,2020,2020Q2,747325.36,13439.02
256,КРАСНОДАРСКИЙ КРАЙ,2020,2020Q3,4065.04,813.0
257,КРАСНОДАРСКИЙ КРАЙ,2020,2020Q4,8495475.55,982007.97
258,КРАСНОДАРСКИЙ КРАЙ,2021,2021Q1,8746288.42,195624.73
259,КРАСНОДАРСКИЙ КРАЙ,2021,2021Q2,5550300.0,227085.78
260,КРАСНОДАРСКИЙ КРАЙ,2021,2021Q3,5295823.17,111550.08
261,КРАСНОДАРСКИЙ КРАЙ,2021,2021Q4,5710123.08,205315.51
262,КРАСНОДАРСКИЙ КРАЙ,2022,2022Q1,2634839.88,110719.21
263,КРАСНОДАРСКИЙ КРАЙ,2022,2022Q2,6593961.6,198372.93
264,КРАСНОДАРСКИЙ КРАЙ,2022,2022Q3,4199506.54,110030.55
265,КРАСНОЯРСКИЙ КРАЙ,2018,2018Q1,2984621.14,55900.759999999995
266,КРАСНОЯРСКИЙ КРАЙ,2018,2018Q2,3007282.52,88962.92
267,КРАСНОЯРСКИЙ КРАЙ,2018,2018Q3,5384085.2,240003.55
268,КРАСНОЯРСКИЙ КРАЙ,2018,2018Q4,4480566.57,118356.17
269,КРАСНОЯРСКИЙ КРАЙ,2019,2019Q1,1453336.69,64433.61
270,КРАСНОЯРСКИЙ КРАЙ,2019,2019Q2,1642266.3,86592.98
271,КРАСНОЯРСКИЙ КРАЙ,2019,2019Q3,1281926.0,32612.61
272,КРАСНОЯРСКИЙ КРАЙ,2019,2019Q4,332529.56,5201.360000000001
273,КРАСНОЯРСКИЙ КРАЙ,2020,2020Q2,94759.08,2387.59
274,КРАСНОЯРСКИЙ КРАЙ,2020,2020Q4,4318450.82,534577.74
275,КРАСНОЯРСКИЙ КРАЙ,2021,2021Q1,12402544.16,404267.13
276,КРАСНОЯРСКИЙ КРАЙ,2021,2021Q2,3850604.88,113849.58
277,КРАСНОЯРСКИЙ КРАЙ,2021,2021Q3,3923908.5,150668.22
278,КРАСНОЯРСКИЙ КРАЙ,2021,2021Q4,3550390.42,99705.36
279,КРАСНОЯРСКИЙ КРАЙ,2022,2022Q1,6116223.14,154904.86000000002
280,КРАСНОЯРСКИЙ КРАЙ,2022,2022Q2,6059556.91,308455.29
281,КРАСНОЯРСКИЙ КРАЙ,2022,2022Q3,3841624.4200000004,200230.74
282,КРЫМ РЕСП,2018,2018Q3,2686.03,243.9
283,КРЫМ РЕСП,2020,2020Q4,1112.73,26.61
284,КРЫМ РЕСП,2021,2021Q4,79465.47,0.0
285,КУРГАНСКАЯ ОБЛ,2018,2018Q1,88724.77,1327.53
286,КУРГАНСКАЯ ОБЛ,2018,2018Q2,64742.22,1860.6
287,КУРГАНСКАЯ ОБЛ,2018,2018Q3,175976.42,2959.17
288,КУРГАНСКАЯ ОБЛ,2019,2019Q1,39027.59,2270.94
289,КУРГАНСКАЯ ОБЛ,2019,2019Q2,109688.26000000001,4152.66
290,КУРГАНСКАЯ ОБЛ,2019,2019Q4,904.85,0.09
291,КУРГАНСКАЯ ОБЛ,2020,2020Q4,79934.62,26417.95
292,КУРГАНСКАЯ ОБЛ,2021,2021Q1,1730918.32,25506.73
293,КУРГАНСКАЯ ОБЛ,2021,2021Q3,319420.7,4612.68
294,КУРГАНСКАЯ ОБЛ,2021,2021Q4,265094.1,2941.36
295,КУРГАНСКАЯ ОБЛ,2022,2022Q1,85258.74,1179.87
296,КУРГАНСКАЯ ОБЛ,2022,2022Q2,521631.63999999996,13860.56
297,КУРСКАЯ ОБЛ,2018,2018Q1,41473.46,1460.17
298,КУРСКАЯ ОБЛ,2018,2018Q2,24405.199999999997,1429.91
299,КУРСКАЯ ОБЛ,2018,2018Q3,38582.44,0.08
300,КУРСКАЯ ОБЛ,2018,2018Q4,17897.83,551.7
301,КУРСКАЯ ОБЛ,2019,2019Q1,204466.11000000002,2899.99
302,КУРСКАЯ ОБЛ,2019,2019Q3,78746.44,1292.39
303,КУРСКАЯ ОБЛ,2020,2020Q4,269956.73,6666.66
304,КУРСКАЯ ОБЛ,2021,2021Q1,356351.87,5864.53
305,КУРСКАЯ ОБЛ,2021,2021Q2,168008.55,5676.21
306,КУРСКАЯ ОБЛ,2021,2021Q4,3166866.87,33761.28
307,КУРСКАЯ ОБЛ,2022,2022Q1,150393.36,1237.68
308,ЛЕНИНГРАДСКАЯ ОБЛ,2018,2018Q1,403995.31,11962.53
309,ЛЕНИНГРАДСКАЯ ОБЛ,2018,2018Q2,840334.66,8554.43
310,ЛЕНИНГРАДСКАЯ ОБЛ,2018,2018Q3,840949.93,13178.9
311,ЛЕНИНГРАДСКАЯ ОБЛ,2018,2018Q4,646146.4500000001,9228.34
312,ЛЕНИНГРАДСКАЯ ОБЛ,2019,2019Q1,126222.42,1379.38
313,ЛЕНИНГРАДСКАЯ ОБЛ,2019,2019Q4,210008.38,975.0
314,ЛЕНИНГРАДСКАЯ ОБЛ,2020,2020Q1,191446.63999999998,9018.03
315,ЛЕНИНГРАДСКАЯ ОБЛ,2020,2020Q4,489267.69,21983.920000000002
316,ЛЕНИНГРАДСКАЯ ОБЛ,2021,2021Q1,1324355.6099999999,101640.76000000001
317,ЛЕНИНГРАДСКАЯ ОБЛ,2021,2021Q2,709020.81,17780.82
318,ЛЕНИНГРАДСКАЯ ОБЛ,2021,2021Q3,343765.81,14733.039999999999
319,ЛЕНИНГРАДСКАЯ ОБЛ,2021,2021Q4,647862.74,5855.03
320,ЛЕНИНГРАДСКАЯ ОБЛ,2022,2022Q1,883945.4,28757.03
321,ЛЕНИНГРАДСКАЯ ОБЛ,2022,2022Q2,312448.71,5980.93
322,ЛЕНИНГРАДСКАЯ ОБЛ,2022,2022Q3,291356.29,4961.89
323,ЛИПЕЦКАЯ ОБЛ,2018,2018Q1,12140392.9,112079.3
324,ЛИПЕЦКАЯ ОБЛ,2018,2018Q2,6179105.42,76596.78
325,ЛИПЕЦКАЯ ОБЛ,2018,2018Q3,5674074.72,51928.47
326,ЛИПЕЦКАЯ ОБЛ,2018,2018Q4,10050072.38,110466.85
327,ЛИПЕЦКАЯ ОБЛ,2019,2019Q1,2072105.61,24860.95
328,ЛИПЕЦКАЯ ОБЛ,2019,2019Q2,66772.45,1061.32
329,ЛИПЕЦКАЯ ОБЛ,2019,2019Q3,42383.49,1467.68
330,ЛИПЕЦКАЯ ОБЛ,2020,2020Q1,3173.86,491.13
331,ЛИПЕЦКАЯ ОБЛ,2020,2020Q4,1708093.65,403806.9
332,ЛИПЕЦКАЯ ОБЛ,2021,2021Q1,1162410.96,14437.869999999999
333,ЛИПЕЦКАЯ ОБЛ,2021,2021Q2,456522.48,19609.739999999998
334,ЛИПЕЦКАЯ ОБЛ,2021,2021Q3,427424.61999999994,39851.68
335,ЛИПЕЦКАЯ ОБЛ,2021,2021Q4,4249774.5,37488.84
336,ЛИПЕЦКАЯ ОБЛ,2022,2022Q1,4118754.6,31594.87
337,ЛИПЕЦКАЯ ОБЛ,2022,2022Q2,2333617.63,15694.609999999999
338,ЛИПЕЦКАЯ ОБЛ,2022,2022Q3,878956.39,8380.46
339,МАГАДАНСКАЯ ОБЛ,2021,2021Q4,70257.31,4065.04
340,МАРИЙ ЭЛ РЕСП,2018,2018Q1,280972.28,2390.25
341,МАРИЙ ЭЛ РЕСП,2020,2020Q4,41168.21,3041.46
342,МАРИЙ ЭЛ РЕСП,2021,2021Q1,348159.15,10754.88
343,МОРДОВИЯ РЕСП,2018,2018Q4,1882.46,0.09
344,МОРДОВИЯ РЕСП,2021,2021Q1,10305.47,3906.3
345,МОРДОВИЯ РЕСП,2022,2022Q2,137365.69,1872.45
346,МОСКОВСКАЯ ОБЛ,2018,2018Q1,2808613.85,57309.49
347,МОСКОВСКАЯ ОБЛ,2018,2018Q2,5082125.92,63419.219999999994
348,МОСКОВСКАЯ ОБЛ,2018,2018Q3,2000442.98,27594.270000000004
349,МОСКОВСКАЯ ОБЛ,2018,2018Q4,4465011.11,85103.29
350,МОСКОВСКАЯ ОБЛ,2019,2019Q1,5764291.45,37612.5
351,МОСКОВСКАЯ ОБЛ,2019,2019Q2,3503588.98,30116.81
352,МОСКОВСКАЯ ОБЛ,2019,2019Q3,3363951.61,57342.3
353,МОСКОВСКАЯ ОБЛ,2019,2019Q4,6181127.91,20266.5
354,МОСКОВСКАЯ ОБЛ,2020,2020Q1,3318380.85,57488.05
355,МОСКОВСКАЯ ОБЛ,2020,2020Q2,2368150.9,20861.57
356,МОСКОВСКАЯ ОБЛ,2020,2020Q3,1640582.8199999998,40576.39
357,МОСКОВСКАЯ ОБЛ,2020,2020Q4,17816423.64,449014.61
358,МОСКОВСКАЯ ОБЛ,2021,2021Q1,19166680.509999998,324211.12
359,МОСКОВСКАЯ ОБЛ,2021,2021Q2,11079070.82,266249.52
360,МОСКОВСКАЯ ОБЛ,2021,2021Q3,2988124.0,52183.87
361,МОСКОВСКАЯ ОБЛ,2021,2021Q4,23551306.21,183776.44999999998
362,МОСКОВСКАЯ ОБЛ,2022,2022Q1,10210376.94,222381.2
363,МОСКОВСКАЯ ОБЛ,2022,2022Q2,4357039.35,120141.77
364,МОСКОВСКАЯ ОБЛ,2022,2022Q3,1236252.47,22783.3
365,МУРМАНСКАЯ ОБЛ,2018,2018Q1,79002.79,1340.65
366,МУРМАНСКАЯ ОБЛ,2018,2018Q2,16908.81,813.0
367,МУРМАНСКАЯ ОБЛ,2018,2018Q4,15074.04,1432.64
368,МУРМАНСКАЯ ОБЛ,2019,2019Q1,179303.02000000002,4155.28
369,МУРМАНСКАЯ ОБЛ,2019,2019Q4,158239.56,3753.0099999999998
370,МУРМАНСКАЯ ОБЛ,2020,2020Q4,45113.329999999994,479.66999999999996
371,МУРМАНСКАЯ ОБЛ,2021,2021Q2,95421.91,2612.88
372,МУРМАНСКАЯ ОБЛ,2021,2021Q3,14769.11,2202.43
373,МУРМАНСКАЯ ОБЛ,2022,2022Q1,97907.18,4359.37
374,МУРМАНСКАЯ ОБЛ,2022,2022Q2,46854.55,5896.74
375,МУРМАНСКАЯ ОБЛ,2022,2022Q3,214016.15999999997,50421.94
376,НЕНЕЦКИЙ АО,2021,2021Q1,216847.26,3781.73
377,НИЖЕГОРОДСКАЯ ОБЛ,2018,2018Q1,1140204.41,15300.119999999999
378,НИЖЕГОРОДСКАЯ ОБЛ,2018,2018Q2,435954.61,1599.99
379,НИЖЕГОРОДСКАЯ ОБЛ,2018,2018Q3,83333.78,5314.33
380,НИЖЕГОРОДСКАЯ ОБЛ,2018,2018Q4,1175278.19,36294.84
381,НИЖЕГОРОДСКАЯ ОБЛ,2019,2019Q1,88304.19,2351.2
382,НИЖЕГОРОДСКАЯ ОБЛ,2019,2019Q2,117568.16,1936.31
383,НИЖЕГОРОДСКАЯ ОБЛ,2019,2019Q3,145247.37,1707.3
384,НИЖЕГОРОДСКАЯ ОБЛ,2019,2019Q4,1426613.01,19340.98
385,НИЖЕГОРОДСКАЯ ОБЛ,2020,2020Q1,87186.66,2032.51
386,НИЖЕГОРОДСКАЯ ОБЛ,2020,2020Q2,174201.76,1626.0
387,НИЖЕГОРОДСКАЯ ОБЛ,2020,2020Q3,100839.70000000001,975.6
388,НИЖЕГОРОДСКАЯ ОБЛ,2020,2020Q4,862760.94,246771.16
389,НИЖЕГОРОДСКАЯ ОБЛ,2021,2021Q1,739118.5700000001,18109.41
390,НИЖЕГОРОДСКАЯ ОБЛ,2021,2021Q2,4365735.14,102838.91
391,НИЖЕГОРОДСКАЯ ОБЛ,2021,2021Q4,1530683.5599999998,18380.989999999998
392,НИЖЕГОРОДСКАЯ ОБЛ,2022,2022Q1,268463.54,17734.29
393,НИЖЕГОРОДСКАЯ ОБЛ,2022,2022Q2,62324.729999999996,2604.38
394,НИЖЕГОРОДСКАЯ ОБЛ,2022,2022Q3,648358.54,813.0
395,НОВГОРОДСКАЯ ОБЛ,2018,2018Q3,33658.37,813.0
396,НОВГОРОДСКАЯ ОБЛ,2018,2018Q4,427.52,0.04
397,НОВГОРОДСКАЯ ОБЛ,2021,2021Q4,40550.71,81.3
398,НОВОСИБИРСКАЯ ОБЛ,2018,2018Q2,30274.32,0.09
399,НОВОСИБИРСКАЯ ОБЛ,2018,2018Q3,1732.93,1874.39
400,НОВОСИБИРСКАЯ ОБЛ,2018,2018Q4,333477.8,12288.05
401,НОВОСИБИРСКАЯ ОБЛ,2019,2019Q1,95479.64,5022.94
402,НОВОСИБИРСКАЯ ОБЛ,2019,2019Q2,253839.28999999998,5872.83
403,НОВОСИБИРСКАЯ ОБЛ,2019,2019Q4,26569.61,1.33
404,НОВОСИБИРСКАЯ ОБЛ,2020,2020Q1,178792.68,4809.87
405,НОВОСИБИРСКАЯ ОБЛ,2020,2020Q2,61163.4,402.43
406,НОВОСИБИРСКАЯ ОБЛ,2020,2020Q3,370731.94,5597.98
407,НОВОСИБИРСКАЯ ОБЛ,2020,2020Q4,1284448.2,38737.340000000004
408,НОВОСИБИРСКАЯ ОБЛ,2021,2021Q1,410441.13,32791.97
409,НОВОСИБИРСКАЯ ОБЛ,2021,2021Q2,1730762.07,40508.72
410,НОВОСИБИРСКАЯ ОБЛ,2021,2021Q3,2680830.4699999997,46269.03
411,НОВОСИБИРСКАЯ ОБЛ,2021,2021Q4,2931283.46,50355.43
412,НОВОСИБИРСКАЯ ОБЛ,2022,2022Q1,1648703.76,22537.49
413,НОВОСИБИРСКАЯ ОБЛ,2022,2022Q2,281655.0,3556.21
414,НОВОСИБИРСКАЯ ОБЛ,2022,2022Q3,333842.36,16385.13
415,ОКТЯБРЬСКИЙ,2019,2019Q2,33993.6,1662.26
416,ОКТЯБРЬСКИЙ,2020,2020Q4,18748.800000000003,14110.9
417,ОМСКАЯ ОБЛ,2018,2018Q1,993158.89,25923.34
418,ОМСКАЯ ОБЛ,2018,2018Q2,104661.89000000001,4458.58
419,ОМСКАЯ ОБЛ,2018,2018Q3,124010.06,4258.36
420,ОМСКАЯ ОБЛ,2018,2018Q4,365579.55,2618.1800000000003
421,ОМСКАЯ ОБЛ,2019,2019Q1,330255.6,11238.59
422,ОМСКАЯ ОБЛ,2019,2019Q2,366707.93000000005,6242.35
423,ОМСКАЯ ОБЛ,2019,2019Q3,987377.62,14888.52
424,ОМСКАЯ ОБЛ,2019,2019Q4,6276.13,4065.04
425,ОМСКАЯ ОБЛ,2020,2020Q1,90840.42,7073.17
426,ОМСКАЯ ОБЛ,2020,2020Q2,316010.47,4392.44
427,ОМСКАЯ ОБЛ,2020,2020Q4,145262.52,21793.190000000002
428,ОМСКАЯ ОБЛ,2021,2021Q1,1442755.3399999999,80174.14
429,ОМСКАЯ ОБЛ,2021,2021Q2,1780270.29,38356.189999999995
430,ОМСКАЯ ОБЛ,2021,2021Q3,142717.87,8696.4
431,ОМСКАЯ ОБЛ,2021,2021Q4,558055.87,28683.29
432,ОМСКАЯ ОБЛ,2022,2022Q1,492903.51,8298.6
433,ОМСКАЯ ОБЛ,2022,2022Q2,950821.07,26523.79
434,ОМСКАЯ ОБЛ,2022,2022Q3,341003.38,12923.05
435,ОРЕНБУРГСКАЯ ОБЛ,2018,2018Q1,3950280.51,81753.08
436,ОРЕНБУРГСКАЯ ОБЛ,2018,2018Q2,1558070.41,49775.39
437,ОРЕНБУРГСКАЯ ОБЛ,2018,2018Q3,1418664.56,51605.4
438,ОРЕНБУРГСКАЯ ОБЛ,2018,2018Q4,2260323.96,74937.76
439,ОРЕНБУРГСКАЯ ОБЛ,2019,2019Q1,3474336.52,68941.36
440,ОРЕНБУРГСКАЯ ОБЛ,2019,2019Q2,4174223.07,65101.899999999994
441,ОРЕНБУРГСКАЯ ОБЛ,2019,2019Q3,795664.0,13632.24
442,ОРЕНБУРГСКАЯ ОБЛ,2020,2020Q2,102319.88,950.8
443,ОРЕНБУРГСКАЯ ОБЛ,2020,2020Q4,6883643.93,578630.25
444,ОРЕНБУРГСКАЯ ОБЛ,2021,2021Q1,7171827.2700000005,147945.15
445,ОРЕНБУРГСКАЯ ОБЛ,2021,2021Q2,1973334.38,42442.159999999996
446,ОРЕНБУРГСКАЯ ОБЛ,2021,2021Q3,2234006.45,33925.15
447,ОРЕНБУРГСКАЯ ОБЛ,2021,2021Q4,3623077.02,111475.15000000001
448,ОРЕНБУРГСКАЯ ОБЛ,2022,2022Q1,2030552.8599999999,42817.09
449,ОРЕНБУРГСКАЯ ОБЛ,2022,2022Q2,1866961.47,67987.47
450,ОРЕНБУРГСКАЯ ОБЛ,2022,2022Q3,1532642.48,71301.21
451,ОРЛОВСКАЯ ОБЛ,2018,2018Q1,816.98,406.5
452,ОРЛОВСКАЯ ОБЛ,2018,2018Q2,203836.36000000002,975.6
453,ОРЛОВСКАЯ ОБЛ,2018,2018Q3,35328.01,0.97
454,ОРЛОВСКАЯ ОБЛ,2018,2018Q4,52642.92,3249.26
455,ОРЛОВСКАЯ ОБЛ,2019,2019Q1,40163.53,2998.64
456,ОРЛОВСКАЯ ОБЛ,2019,2019Q2,440695.53,3435.74
457,ОРЛОВСКАЯ ОБЛ,2019,2019Q3,28475.08,154.47
458,ОРЛОВСКАЯ ОБЛ,2019,2019Q4,30194.760000000002,463.40999999999997
459,ОРЛОВСКАЯ ОБЛ,2020,2020Q2,90305.39,463.40999999999997
460,ОРЛОВСКАЯ ОБЛ,2020,2020Q4,649458.47,13982.779999999999
461,ОРЛОВСКАЯ ОБЛ,2021,2021Q1,123936.45999999999,9479.84
462,ОРЛОВСКАЯ ОБЛ,2021,2021Q2,62813.07,5711.58
463,ОРЛОВСКАЯ ОБЛ,2021,2021Q4,11585.619999999999,663.58
464,ПЕНЗЕНСКАЯ ОБЛ,2018,2018Q1,45343.45,1394.7
465,ПЕНЗЕНСКАЯ ОБЛ,2018,2018Q3,130574.95,5388.92
466,ПЕНЗЕНСКАЯ ОБЛ,2018,2018Q4,129482.23,2682.82
467,ПЕНЗЕНСКАЯ ОБЛ,2019,2019Q1,75619.37,1264.55
468,ПЕНЗЕНСКАЯ ОБЛ,2019,2019Q4,138661.6,0.0
469,ПЕНЗЕНСКАЯ ОБЛ,2020,2020Q4,910228.36,95442.03
470,ПЕНЗЕНСКАЯ ОБЛ,2021,2021Q1,756387.3200000001,13642.41
471,ПЕНЗЕНСКАЯ ОБЛ,2021,2021Q4,56878.07,1315.74
472,ПЕНЗЕНСКАЯ ОБЛ,2022,2022Q2,21807.76,6935.61
473,ПЕРМСКИЙ КРАЙ,2018,2018Q1,539767.82,12073.67
474,ПЕРМСКИЙ КРАЙ,2018,2018Q2,148662.01,3056.61
475,ПЕРМСКИЙ КРАЙ,2018,2018Q3,103906.2,1544.7
476,ПЕРМСКИЙ КРАЙ,2018,2018Q4,318611.32,3174.2799999999997
477,ПЕРМСКИЙ КРАЙ,2019,2019Q1,446908.83,20679.29
478,ПЕРМСКИЙ КРАЙ,2019,2019Q2,453893.44000000006,11190.84
479,ПЕРМСКИЙ КРАЙ,2019,2019Q3,603710.07,50137.81
480,ПЕРМСКИЙ КРАЙ,2019,2019Q4,158241.35,819.59
481,ПЕРМСКИЙ КРАЙ,2020,2020Q1,45447.9,1138.2
482,ПЕРМСКИЙ КРАЙ,2020,2020Q2,47172.2,1626.0
483,ПЕРМСКИЙ КРАЙ,2020,2020Q3,24491.05,162.6
484,ПЕРМСКИЙ КРАЙ,2020,2020Q4,235081.48000000004,17862.46
485,ПЕРМСКИЙ КРАЙ,2021,2021Q1,81052.01000000001,3006.72
486,ПЕРМСКИЙ КРАЙ,2021,2021Q2,125942.45,1951.2
487,ПЕРМСКИЙ КРАЙ,2021,2021Q3,407964.79000000004,19340.04
488,ПЕРМСКИЙ КРАЙ,2021,2021Q4,94881.47,6478.63
489,ПЕРМСКИЙ КРАЙ,2022,2022Q1,16680.34,4065.04
490,ПЕРМСКИЙ КРАЙ,2022,2022Q2,323098.61,15905.72
491,ПРИМОРСКИЙ КРАЙ,2018,2018Q1,255663.78,18187.17
492,ПРИМОРСКИЙ КРАЙ,2018,2018Q2,381864.69,15485.720000000001
493,ПРИМОРСКИЙ КРАЙ,2018,2018Q3,139937.97999999998,11960.720000000001
494,ПРИМОРСКИЙ КРАЙ,2018,2018Q4,402446.02,14095.82
495,ПРИМОРСКИЙ КРАЙ,2019,2019Q1,1035440.1799999999,11737.970000000001
496,ПРИМОРСКИЙ КРАЙ,2019,2019Q2,174650.74,9384.14
497,ПРИМОРСКИЙ КРАЙ,2020,2020Q4,1561529.73,43521.52
498,ПРИМОРСКИЙ КРАЙ,2021,2021Q1,598454.78,7986.97
499,ПРИМОРСКИЙ КРАЙ,2021,2021Q2,202645.92,1834.66
500,ПРИМОРСКИЙ КРАЙ,2021,2021Q3,384644.37,14155.900000000001
501,ПРИМОРСКИЙ КРАЙ,2021,2021Q4,427622.27,5159.84
502,ПРИМОРСКИЙ КРАЙ,2022,2022Q1,152871.13,2181.48
503,ПРИМОРСКИЙ КРАЙ,2022,2022Q2,726321.95,4915.61
504,ПРИМОРСКИЙ КРАЙ,2022,2022Q3,724183.06,8849.07
505,ПСКОВСКАЯ ОБЛ,2018,2018Q3,16288.1,406.5
506,ПСКОВСКАЯ ОБЛ,2018,2018Q4,9084.99,3252.02
507,ПСКОВСКАЯ ОБЛ,2021,2021Q2,106404.43,1372.19
508,ПСКОВСКАЯ ОБЛ,2021,2021Q4,231.26,86.61
509,РОСТОВСКАЯ ОБЛ,2018,2018Q1,93056.86,35855.37
510,РОСТОВСКАЯ ОБЛ,2018,2018Q2,282595.97,16465.83
511,РОСТОВСКАЯ ОБЛ,2018,2018Q3,38395.38,2084.55
512,РОСТОВСКАЯ ОБЛ,2018,2018Q4,209210.19,83364.0
513,РОСТОВСКАЯ ОБЛ,2019,2019Q1,182702.34999999998,12135.39
514,РОСТОВСКАЯ ОБЛ,2019,2019Q2,60192.979999999996,1269.09
515,РОСТОВСКАЯ ОБЛ,2019,2019Q4,57046.61,24166.86
516,РОСТОВСКАЯ ОБЛ,2020,2020Q4,955136.88,10149.84
517,РОСТОВСКАЯ ОБЛ,2021,2021Q1,1280569.57,19340.65
518,РОСТОВСКАЯ ОБЛ,2021,2021Q2,113678.12,6195.88
519,РОСТОВСКАЯ ОБЛ,2021,2021Q3,157555.03,3195.12
520,РОСТОВСКАЯ ОБЛ,2021,2021Q4,1693780.32,51879.36
521,РОСТОВСКАЯ ОБЛ,2022,2022Q1,712169.51,10342.0
522,РОСТОВСКАЯ ОБЛ,2022,2022Q2,382032.61,9289.58
523,РОСТОВСКАЯ ОБЛ,2022,2022Q3,631512.94,22142.61
524,РЯЗАНСКАЯ ОБЛ,2018,2018Q1,3537933.25,972075.19
525,РЯЗАНСКАЯ ОБЛ,2018,2018Q2,2454320.64,451737.42
526,РЯЗАНСКАЯ ОБЛ,2018,2018Q3,953461.86,13663.95
527,РЯЗАНСКАЯ ОБЛ,2018,2018Q4,606800.82,43542.939999999995
528,РЯЗАНСКАЯ ОБЛ,2019,2019Q1,694226.28,139021.66
529,РЯЗАНСКАЯ ОБЛ,2019,2019Q2,939532.93,23632.38
530,РЯЗАНСКАЯ ОБЛ,2019,2019Q3,159439.56,2969.99
531,РЯЗАНСКАЯ ОБЛ,2019,2019Q4,30128.85,1.48
532,РЯЗАНСКАЯ ОБЛ,2020,2020Q4,1069582.66,79569.98
533,РЯЗАНСКАЯ ОБЛ,2021,2021Q1,2939417.92,61711.87
534,РЯЗАНСКАЯ ОБЛ,2021,2021Q2,312343.11,11543.189999999999
535,РЯЗАНСКАЯ ОБЛ,2021,2021Q3,874714.8999999999,11049.529999999999
536,РЯЗАНСКАЯ ОБЛ,2021,2021Q4,1231067.88,12731.04
537,РЯЗАНСКАЯ ОБЛ,2022,2022Q1,1977756.37,27549.29
538,РЯЗАНСКАЯ ОБЛ,2022,2022Q2,507099.85000000003,18479.91
539,РЯЗАНСКАЯ ОБЛ,2022,2022Q3,222266.51,6153.7
540,САМАРСКАЯ ОБЛ,2018,2018Q1,4212750.38,134137.22
541,САМАРСКАЯ ОБЛ,2018,2018Q2,3847926.96,114414.51
542,САМАРСКАЯ ОБЛ,2018,2018Q3,5216026.01,119709.13
543,САМАРСКАЯ ОБЛ,2018,2018Q4,6611106.95,127597.23
544,САМАРСКАЯ ОБЛ,2019,2019Q1,4855696.9799999995,139814.33
545,САМАРСКАЯ ОБЛ,2019,2019Q2,1840897.69,58231.31
546,САМАРСКАЯ ОБЛ,2019,2019Q3,908340.36,12526.76
547,САМАРСКАЯ ОБЛ,2019,2019Q4,202130.16,10.200000000000001
548,САМАРСКАЯ ОБЛ,2020,2020Q4,12102330.67,777088.66
549,САМАРСКАЯ ОБЛ,2021,2021Q1,11070938.15,247198.88
550,САМАРСКАЯ ОБЛ,2021,2021Q2,6242744.48,160653.92
551,САМАРСКАЯ ОБЛ,2021,2021Q3,4707674.68,161414.19
552,САМАРСКАЯ ОБЛ,2021,2021Q4,8663986.78,272803.16
553,САМАРСКАЯ ОБЛ,2022,2022Q1,7099434.53,159098.34
554,САМАРСКАЯ ОБЛ,2022,2022Q2,5678394.17,174142.54
555,САМАРСКАЯ ОБЛ,2022,2022Q3,6972913.12,236983.01
556,САНКТ-ПЕТЕРБУРГ Г,2018,2018Q1,1087655.88,1005.53
557,САНКТ-ПЕТЕРБУРГ Г,2018,2018Q2,527858.59,14.06
558,САНКТ-ПЕТЕРБУРГ Г,2018,2018Q3,6612.92,243.9
559,САНКТ-ПЕТЕРБУРГ Г,2018,2018Q4,3542614.64,345212.83
560,САНКТ-ПЕТЕРБУРГ Г,2019,2019Q2,217067.43,2844.48
561,САНКТ-ПЕТЕРБУРГ Г,2019,2019Q3,2473038.74,12662.7
562,САНКТ-ПЕТЕРБУРГ Г,2019,2019Q4,4350669.06,384038.39999999997
563,САНКТ-ПЕТЕРБУРГ Г,2020,2020Q1,964886.71,12837.79
564,САНКТ-ПЕТЕРБУРГ Г,2020,2020Q2,398898.37,4019.3
565,САНКТ-ПЕТЕРБУРГ Г,2020,2020Q3,464021.91000000003,5967.1
566,САНКТ-ПЕТЕРБУРГ Г,2020,2020Q4,5789566.47,190773.55
567,САНКТ-ПЕТЕРБУРГ Г,2021,2021Q1,6402637.37,62409.96
568,САНКТ-ПЕТЕРБУРГ Г,2021,2021Q2,5705217.46,105466.73
569,САНКТ-ПЕТЕРБУРГ Г,2021,2021Q3,2543893.31,36895.229999999996
570,САНКТ-ПЕТЕРБУРГ Г,2021,2021Q4,4530391.75,59686.76
571,САНКТ-ПЕТЕРБУРГ Г,2022,2022Q1,2183639.12,15320.84
572,САНКТ-ПЕТЕРБУРГ Г,2022,2022Q2,3592669.55,42842.7
573,САНКТ-ПЕТЕРБУРГ Г,2022,2022Q3,1144829.85,45047.3
574,САРАТОВСКАЯ ОБЛ,2018,2018Q1,3101674.47,46022.2
575,САРАТОВСКАЯ ОБЛ,2018,2018Q2,1006544.5,40011.37
576,САРАТОВСКАЯ ОБЛ,2018,2018Q3,1029582.5599999999,15684.73
577,САРАТОВСКАЯ ОБЛ,2018,2018Q4,3272943.82,72188.59
578,САРАТОВСКАЯ ОБЛ,2019,2019Q1,1191142.17,32857.08
579,САРАТОВСКАЯ ОБЛ,2019,2019Q2,1040554.3,27793.96
580,САРАТОВСКАЯ ОБЛ,2019,2019Q3,742845.65,11437.699999999999
581,САРАТОВСКАЯ ОБЛ,2020,2020Q4,2592576.3,204039.03
582,САРАТОВСКАЯ ОБЛ,2021,2021Q1,4497762.11,126902.7
583,САРАТОВСКАЯ ОБЛ,2021,2021Q2,1327508.72,24394.09
584,САРАТОВСКАЯ ОБЛ,2021,2021Q3,4832768.83,131723.41999999998
585,САРАТОВСКАЯ ОБЛ,2021,2021Q4,1661164.58,53713.68
586,САРАТОВСКАЯ ОБЛ,2022,2022Q1,3123962.8,52895.34
587,САРАТОВСКАЯ ОБЛ,2022,2022Q2,1624797.8,36667.48
588,САРАТОВСКАЯ ОБЛ,2022,2022Q3,779017.94,13732.89
589,САХА /ЯКУТИЯ/ РЕСП,2021,2021Q2,584294.36,5637.68
590,САХАЛИНСКАЯ ОБЛ,2018,2018Q1,1511146.32,24856.47
591,САХАЛИНСКАЯ ОБЛ,2018,2018Q2,1494302.3900000001,32113.96
592,САХАЛИНСКАЯ ОБЛ,2018,2018Q3,626894.77,14017.880000000001
593,САХАЛИНСКАЯ ОБЛ,2018,2018Q4,3029826.25,31505.13
594,САХАЛИНСКАЯ ОБЛ,2019,2019Q1,1916850.72,42278.59
595,САХАЛИНСКАЯ ОБЛ,2019,2019Q2,1228296.52,25554.0
596,САХАЛИНСКАЯ ОБЛ,2019,2019Q3,134640.29,26542.4
597,САХАЛИНСКАЯ ОБЛ,2020,2020Q4,7931550.17,407820.57
598,САХАЛИНСКАЯ ОБЛ,2021,2021Q1,3319544.85,62961.33
599,САХАЛИНСКАЯ ОБЛ,2021,2021Q2,747150.47,6947.85
600,САХАЛИНСКАЯ ОБЛ,2021,2021Q3,732841.5700000001,11546.99
601,САХАЛИНСКАЯ ОБЛ,2021,2021Q4,6708772.5600000005,77940.91
602,САХАЛИНСКАЯ ОБЛ,2022,2022Q1,3275322.08,43343.53999999999
603,САХАЛИНСКАЯ ОБЛ,2022,2022Q2,2845259.67,78112.53
604,САХАЛИНСКАЯ ОБЛ,2022,2022Q3,2505473.97,82755.45
605,САХАЛИНСКАЯ ОБЛ,2022,2022Q4,196676.74,24503.94
606,СВЕРДЛОВСКАЯ ОБЛ,2018,2018Q1,1584127.99,34165.62
607,СВЕРДЛОВСКАЯ ОБЛ,2018,2018Q2,761110.86,14775.31
608,СВЕРДЛОВСКАЯ ОБЛ,2018,2018Q3,347064.01,13050.16
609,СВЕРДЛОВСКАЯ ОБЛ,2018,2018Q4,1264092.35,25804.5
610,СВЕРДЛОВСКАЯ ОБЛ,2019,2019Q1,201718.85,4323.97
611,СВЕРДЛОВСКАЯ ОБЛ,2019,2019Q2,520026.87,22184.62
612,СВЕРДЛОВСКАЯ ОБЛ,2019,2019Q3,365176.62,18183.24
613,СВЕРДЛОВСКАЯ ОБЛ,2019,2019Q4,1072544.91,17773.41
614,СВЕРДЛОВСКАЯ ОБЛ,2020,2020Q1,498074.5,8929.16
615,СВЕРДЛОВСКАЯ ОБЛ,2020,2020Q2,1055203.65,17278.54
616,СВЕРДЛОВСКАЯ ОБЛ,2020,2020Q3,570245.6799999999,6251.59
617,СВЕРДЛОВСКАЯ ОБЛ,2020,2020Q4,1090767.6,94489.54
618,СВЕРДЛОВСКАЯ ОБЛ,2021,2021Q1,2518049.58,38167.4
619,СВЕРДЛОВСКАЯ ОБЛ,2021,2021Q2,1413865.04,67690.0
620,СВЕРДЛОВСКАЯ ОБЛ,2021,2021Q3,417739.61000000004,9035.039999999999
621,СВЕРДЛОВСКАЯ ОБЛ,2021,2021Q4,997379.49,45707.58
622,СВЕРДЛОВСКАЯ ОБЛ,2022,2022Q1,179738.24,12563.53
623,СВЕРДЛОВСКАЯ ОБЛ,2022,2022Q2,346813.27,11697.18
624,СВЕРДЛОВСКАЯ ОБЛ,2022,2022Q3,78811.6,8198.59
625,СМОЛЕНСКАЯ ОБЛ,2018,2018Q1,12321.89,732.63
626,СМОЛЕНСКАЯ ОБЛ,2018,2018Q2,484331.19,12000.17
627,СМОЛЕНСКАЯ ОБЛ,2018,2018Q3,120852.23000000001,3143.46
628,СМОЛЕНСКАЯ ОБЛ,2018,2018Q4,556822.93,22505.34
629,СМОЛЕНСКАЯ ОБЛ,2019,2019Q1,124027.02,2835.08
630,СМОЛЕНСКАЯ ОБЛ,2019,2019Q2,225910.33000000002,4768.96
631,СМОЛЕНСКАЯ ОБЛ,2019,2019Q3,30723.52,1040.62
632,СМОЛЕНСКАЯ ОБЛ,2019,2019Q4,18662.38,0.91
633,СМОЛЕНСКАЯ ОБЛ,2020,2020Q4,52038.22,23739.0
634,СМОЛЕНСКАЯ ОБЛ,2021,2021Q1,290508.5,4057.83
635,СМОЛЕНСКАЯ ОБЛ,2021,2021Q2,1086426.43,36626.090000000004
636,СМОЛЕНСКАЯ ОБЛ,2021,2021Q3,40583.149999999994,3249.6499999999996
637,СМОЛЕНСКАЯ ОБЛ,2021,2021Q4,237113.25,5821.36
638,СМОЛЕНСКАЯ ОБЛ,2022,2022Q1,278479.67000000004,5560.53
639,СМОЛЕНСКАЯ ОБЛ,2022,2022Q2,136485.97,5027.63
640,СТАВРОПОЛЬСКИЙ КРАЙ,2018,2018Q1,1417417.25,48434.87
641,СТАВРОПОЛЬСКИЙ КРАЙ,2018,2018Q2,417869.72,6686.51
642,СТАВРОПОЛЬСКИЙ КРАЙ,2018,2018Q3,87451.07,1963.22
643,СТАВРОПОЛЬСКИЙ КРАЙ,2018,2018Q4,1889222.63,48168.46
644,СТАВРОПОЛЬСКИЙ КРАЙ,2019,2019Q1,490126.57,20972.31
645,СТАВРОПОЛЬСКИЙ КРАЙ,2019,2019Q2,1215383.27,24497.21
646,СТАВРОПОЛЬСКИЙ КРАЙ,2019,2019Q3,370617.3,14895.230000000001
647,СТАВРОПОЛЬСКИЙ КРАЙ,2020,2020Q4,2493738.53,238850.48
648,СТАВРОПОЛЬСКИЙ КРАЙ,2021,2021Q1,5556836.84,69176.34
649,СТАВРОПОЛЬСКИЙ КРАЙ,2021,2021Q2,1528947.77,78761.26
650,СТАВРОПОЛЬСКИЙ КРАЙ,2021,2021Q3,548342.57,11846.72
651,СТАВРОПОЛЬСКИЙ КРАЙ,2021,2021Q4,3724972.71,35018.55
652,СТАВРОПОЛЬСКИЙ КРАЙ,2022,2022Q1,952221.88,15337.35
653,СТАВРОПОЛЬСКИЙ КРАЙ,2022,2022Q2,1070682.73,35151.97
654,СТАВРОПОЛЬСКИЙ КРАЙ,2022,2022Q3,249031.73,1720.66
655,ТАМБОВСКАЯ ОБЛ,2018,2018Q2,40802.3,569.1
656,ТАМБОВСКАЯ ОБЛ,2018,2018Q4,144665.12,2430.4
657,ТАМБОВСКАЯ ОБЛ,2019,2019Q2,78372.71,1437.14
658,ТАМБОВСКАЯ ОБЛ,2020,2020Q2,20984.02,0.0
659,ТАМБОВСКАЯ ОБЛ,2020,2020Q4,52068.78,7749.030000000001
660,ТАМБОВСКАЯ ОБЛ,2021,2021Q1,53003.15,1438.38
661,ТАМБОВСКАЯ ОБЛ,2021,2021Q2,37616.18,1929.24
662,ТАМБОВСКАЯ ОБЛ,2021,2021Q3,104740.4,4664.700000000001
663,ТАМБОВСКАЯ ОБЛ,2021,2021Q4,98501.64,3406.9700000000003
664,ТАМБОВСКАЯ ОБЛ,2022,2022Q1,49752.63,3760.23
665,ТАМБОВСКАЯ ОБЛ,2022,2022Q2,61547.67999999999,2902.55
666,ТАМБОВСКАЯ ОБЛ,2022,2022Q3,56352.59,118.45
667,ТВЕРСКАЯ ОБЛ,2018,2018Q1,2293.33,325.2
668,ТВЕРСКАЯ ОБЛ,2018,2018Q4,4124.07,0.23
669,ТВЕРСКАЯ ОБЛ,2021,2021Q1,516757.22,6719.51
670,ТВЕРСКАЯ ОБЛ,2021,2021Q2,227000.93,10234.36
671,ТВЕРСКАЯ ОБЛ,2021,2021Q3,36899.95,6160.17
672,ТОМСКАЯ ОБЛ,2018,2018Q1,555815.45,27936.1
673,ТОМСКАЯ ОБЛ,2018,2018Q2,755817.56,44351.11
674,ТОМСКАЯ ОБЛ,2018,2018Q3,300291.93000000005,5945.85
675,ТОМСКАЯ ОБЛ,2018,2018Q4,828862.7,25334.69
676,ТОМСКАЯ ОБЛ,2019,2019Q1,3057446.5900000003,72897.73
677,ТОМСКАЯ ОБЛ,2019,2019Q2,252990.75,14281.36
678,ТОМСКАЯ ОБЛ,2019,2019Q3,673608.86,26931.489999999998
679,ТОМСКАЯ ОБЛ,2019,2019Q4,45094.77,0.32
680,ТОМСКАЯ ОБЛ,2020,2020Q3,127175.93,1703.94
681,ТОМСКАЯ ОБЛ,2020,2020Q4,896308.51,53334.9
682,ТОМСКАЯ ОБЛ,2021,2021Q1,2554999.58,81101.12999999999
683,ТОМСКАЯ ОБЛ,2021,2021Q2,709243.48,43643.11
684,ТОМСКАЯ ОБЛ,2021,2021Q3,1157986.1300000001,28147.23
685,ТОМСКАЯ ОБЛ,2021,2021Q4,1800432.88,63237.31
686,ТОМСКАЯ ОБЛ,2022,2022Q1,317409.63,9881.86
687,ТОМСКАЯ ОБЛ,2022,2022Q2,810261.29,11924.13
688,ТОМСКАЯ ОБЛ,2022,2022Q3,1000014.24,18780.11
689,ТУЛЬСКАЯ ОБЛ,2018,2018Q1,179012.83,3.82
690,ТУЛЬСКАЯ ОБЛ,2018,2018Q4,86907.22,812.1
691,ТУЛЬСКАЯ ОБЛ,2019,2019Q2,68188.22,830.94
692,ТУЛЬСКАЯ ОБЛ,2019,2019Q3,179151.7,21738.18
693,ТУЛЬСКАЯ ОБЛ,2019,2019Q4,3748.98,813.0
694,ТУЛЬСКАЯ ОБЛ,2020,2020Q2,531217.89,18567.07
695,ТУЛЬСКАЯ ОБЛ,2020,2020Q4,169252.55,19662.76
696,ТУЛЬСКАЯ ОБЛ,2021,2021Q1,387824.86,5823.72
697,ТУЛЬСКАЯ ОБЛ,2021,2021Q4,89243.86,4056.58
698,ТУЛЬСКАЯ ОБЛ,2022,2022Q2,230686.08,3387.13
699,ТЮМЕНСКАЯ ОБЛ,2018,2018Q1,2430188.97,57100.659999999996
700,ТЮМЕНСКАЯ ОБЛ,2018,2018Q2,2492464.42,45754.79
701,ТЮМЕНСКАЯ ОБЛ,2018,2018Q3,2974061.46,28380.95
702,ТЮМЕНСКАЯ ОБЛ,2018,2018Q4,2265313.9699999997,66502.5
703,ТЮМЕНСКАЯ ОБЛ,2019,2019Q1,432241.57,17589.17
704,ТЮМЕНСКАЯ ОБЛ,2019,2019Q2,2319534.75,29925.4
705,ТЮМЕНСКАЯ ОБЛ,2019,2019Q3,946993.94,22097.72
706,ТЮМЕНСКАЯ ОБЛ,2019,2019Q4,677694.74,34.14
707,ТЮМЕНСКАЯ ОБЛ,2020,2020Q2,4411.18,813.0
708,ТЮМЕНСКАЯ ОБЛ,2020,2020Q4,8774195.2,410427.33
709,ТЮМЕНСКАЯ ОБЛ,2021,2021Q1,2143496.52,92294.89
710,ТЮМЕНСКАЯ ОБЛ,2021,2021Q2,601894.12,7950.83
711,ТЮМЕНСКАЯ ОБЛ,2021,2021Q3,6309584.23,123029.56
712,ТЮМЕНСКАЯ ОБЛ,2021,2021Q4,8445476.47,153986.35
713,ТЮМЕНСКАЯ ОБЛ,2022,2022Q1,3449797.42,92873.79
714,ТЮМЕНСКАЯ ОБЛ,2022,2022Q2,9104994.63,169777.86
715,ТЮМЕНСКАЯ ОБЛ,2022,2022Q3,1293628.42,24156.97
716,УДМУРТСКАЯ РЕСП,2018,2018Q1,5557423.11,107454.41
717,УДМУРТСКАЯ РЕСП,2018,2018Q2,2354471.58,62792.03
718,УДМУРТСКАЯ РЕСП,2018,2018Q3,3598689.52,84202.69
719,УДМУРТСКАЯ РЕСП,2018,2018Q4,3619075.46,66931.64
720,УДМУРТСКАЯ РЕСП,2019,2019Q1,1555282.3,104711.32
721,УДМУРТСКАЯ РЕСП,2019,2019Q2,2488104.5,60924.08
722,УДМУРТСКАЯ РЕСП,2019,2019Q3,2548797.21,60398.15
723,УДМУРТСКАЯ РЕСП,2019,2019Q4,314507.99,23295.14
724,УДМУРТСКАЯ РЕСП,2020,2020Q1,163398.03,455.28
725,УДМУРТСКАЯ РЕСП,2020,2020Q2,7143.96,3566.83
726,УДМУРТСКАЯ РЕСП,2020,2020Q4,5152980.3,395778.51
727,УДМУРТСКАЯ РЕСП,2021,2021Q1,7046545.47,173887.89
728,УДМУРТСКАЯ РЕСП,2021,2021Q2,5874834.640000001,122889.2
729,УДМУРТСКАЯ РЕСП,2021,2021Q3,3342070.83,98611.24
730,УДМУРТСКАЯ РЕСП,2021,2021Q4,5783789.31,189698.61
731,УДМУРТСКАЯ РЕСП,2022,2022Q1,3125119.3,82827.59
732,УДМУРТСКАЯ РЕСП,2022,2022Q2,6207558.07,155046.69
733,УДМУРТСКАЯ РЕСП,2022,2022Q3,3373780.2,78967.01
734,УЛЬЯНОВСКАЯ ОБЛ,2018,2018Q4,390987.79000000004,13367.73
735,УЛЬЯНОВСКАЯ ОБЛ,2020,2020Q4,10345.220000000001,12522.0
736,УЛЬЯНОВСКАЯ ОБЛ,2021,2021Q1,246111.53,11466.42
737,УЛЬЯНОВСКАЯ ОБЛ,2021,2021Q3,19055.1,1320.6
738,УЛЬЯНОВСКАЯ ОБЛ,2021,2021Q4,13049.759999999998,1878.04
739,УЛЬЯНОВСКАЯ ОБЛ,2022,2022Q1,12076.88,917.49
740,УЛЬЯНОВСКАЯ ОБЛ,2022,2022Q2,14990.75,3010.8199999999997
741,ХАБАРОВСКИЙ КРАЙ,2018,2018Q1,95788.51000000001,5327.51
742,ХАБАРОВСКИЙ КРАЙ,2018,2018Q2,231307.39,11857.619999999999
743,ХАБАРОВСКИЙ КРАЙ,2018,2018Q3,424237.05,11109.720000000001
744,ХАБАРОВСКИЙ КРАЙ,2018,2018Q4,1992946.76,25737.690000000002
745,ХАБАРОВСКИЙ КРАЙ,2019,2019Q1,867389.5299999999,23933.95
746,ХАБАРОВСКИЙ КРАЙ,2019,2019Q2,2515398.96,107904.56
747,ХАБАРОВСКИЙ КРАЙ,2019,2019Q3,210385.95,18996.219999999998
748,ХАБАРОВСКИЙ КРАЙ,2020,2020Q4,4408125.9799999995,165820.35
749,ХАБАРОВСКИЙ КРАЙ,2021,2021Q1,1855449.36,68011.3
750,ХАБАРОВСКИЙ КРАЙ,2021,2021Q2,546460.52,21432.809999999998
751,ХАБАРОВСКИЙ КРАЙ,2021,2021Q3,1562606.16,96112.34999999999
752,ХАБАРОВСКИЙ КРАЙ,2021,2021Q4,1955989.01,49158.42
753,ХАБАРОВСКИЙ КРАЙ,2022,2022Q1,3491548.9499999997,103306.57
754,ХАБАРОВСКИЙ КРАЙ,2022,2022Q2,1934299.93,64501.25
755,ХАБАРОВСКИЙ КРАЙ,2022,2022Q3,792249.53,27397.230000000003
756,ХАКАСИЯ РЕСП,2018,2018Q1,22943.02,1084.05
757,ХАКАСИЯ РЕСП,2018,2018Q3,56557.06,1097.61
758,ХАКАСИЯ РЕСП,2018,2018Q4,178458.85,6782.23
759,ХАКАСИЯ РЕСП,2019,2019Q1,79260.44,1609.75
760,ХАКАСИЯ РЕСП,2019,2019Q2,150879.09,5583.1900000000005
761,ХАКАСИЯ РЕСП,2020,2020Q4,124197.12,15007.24
762,ХАКАСИЯ РЕСП,2021,2021Q1,226205.41,3793.91
763,ХАКАСИЯ РЕСП,2021,2021Q4,39554.11,882.68
764,ХАКАСИЯ РЕСП,2022,2022Q1,9066.9,1283.18
765,ЧЕЛЯБИНСКАЯ ОБЛ,2018,2018Q2,52135.11,1090.24
766,ЧЕЛЯБИНСКАЯ ОБЛ,2018,2018Q3,39268.23,1960.45
767,ЧЕЛЯБИНСКАЯ ОБЛ,2018,2018Q4,152090.78,2061.15
768,ЧЕЛЯБИНСКАЯ ОБЛ,2019,2019Q1,1194.31,8130.08
769,ЧЕЛЯБИНСКАЯ ОБЛ,2019,2019Q2,144239.83,9017.88
770,ЧЕЛЯБИНСКАЯ ОБЛ,2019,2019Q4,90351.15,6267.09
771,ЧЕЛЯБИНСКАЯ ОБЛ,2020,2020Q4,468369.44,26509.18
772,ЧЕЛЯБИНСКАЯ ОБЛ,2021,2021Q1,55060.83,2559.04
773,ЧЕЛЯБИНСКАЯ ОБЛ,2021,2021Q2,816446.92,28449.63
774,ЧЕЛЯБИНСКАЯ ОБЛ,2021,2021Q3,690756.61,3559.35
775,ЧЕЛЯБИНСКАЯ ОБЛ,2021,2021Q4,174303.49,2146.46
776,ЧЕЛЯБИНСКАЯ ОБЛ,2022,2022Q1,134633.03,5239.0
777,ЧЕЛЯБИНСКАЯ ОБЛ,2022,2022Q2,95232.47,15878.48
778,ЧЕЛЯБИНСКАЯ ОБЛ,2022,2022Q3,1035.64,1885.48
779,ЧЕЧЕНСКАЯ РЕСП,2018,2018Q1,17832.59,1648.65
780,ЧЕЧЕНСКАЯ РЕСП,2018,2018Q2,643009.15,16361.53
781,ЧЕЧЕНСКАЯ РЕСП,2018,2018Q3,199125.6,3910.6099999999997
782,ЧЕЧЕНСКАЯ РЕСП,2018,2018Q4,187587.37,2150.08
783,ЧЕЧЕНСКАЯ РЕСП,2019,2019Q1,220507.80000000002,9183.16
784,ЧЕЧЕНСКАЯ РЕСП,2019,2019Q3,54813.5,985.0999999999999
785,ЧЕЧЕНСКАЯ РЕСП,2020,2020Q4,2593405.48,444937.38
786,ЧЕЧЕНСКАЯ РЕСП,2021,2021Q1,237110.13,4803.85
787,ЧЕЧЕНСКАЯ РЕСП,2021,2021Q2,412587.53,5513.97
788,ЧЕЧЕНСКАЯ РЕСП,2021,2021Q3,303810.04,9072.51
789,ЧЕЧЕНСКАЯ РЕСП,2021,2021Q4,542847.75,10163.41
790,ЧЕЧЕНСКАЯ РЕСП,2022,2022Q1,197081.92,10954.439999999999
791,ЧЕЧЕНСКАЯ РЕСП,2022,2022Q2,553988.3300000001,10972.73
792,ЧЕЧЕНСКАЯ РЕСП,2022,2022Q3,27734.18,4832.99
793,ЧУВАШСКАЯ РЕСПУБЛИКА - ЧУВАШИЯ,2019,2019Q4,7348.57,406.5
794,ЧУВАШСКАЯ РЕСПУБЛИКА - ЧУВАШИЯ,2020,2020Q4,86012.83,7769.1
795,ЧУВАШСКАЯ РЕСПУБЛИКА - ЧУВАШИЯ,2021,2021Q2,38009.61,861.3
796,ЧУВАШСКАЯ РЕСПУБЛИКА - ЧУВАШИЯ,2022,2022Q2,3252.16,723.05
797,ЯМАЛО-НЕНЕЦКИЙ АО,2018,2018Q1,2150879.89,67958.11
798,ЯМАЛО-НЕНЕЦКИЙ АО,2018,2018Q2,3203868.75,58398.29
799,ЯМАЛО-НЕНЕЦКИЙ АО,2018,2018Q3,133802.63999999998,3195.76
800,ЯМАЛО-НЕНЕЦКИЙ АО,2018,2018Q4,2644740.65,71171.7
801,ЯМАЛО-НЕНЕЦКИЙ АО,2019,2019Q1,1008602.93,11768.97
802,ЯМАЛО-НЕНЕЦКИЙ АО,2019,2019Q2,855917.1799999999,42896.07
803,ЯМАЛО-НЕНЕЦКИЙ АО,2019,2019Q3,252063.62,2129.14
804,ЯМАЛО-НЕНЕЦКИЙ АО,2020,2020Q4,4560336.91,354621.27
805,ЯМАЛО-НЕНЕЦКИЙ АО,2021,2021Q1,3657904.11,111247.90000000001
806,ЯМАЛО-НЕНЕЦКИЙ АО,2021,2021Q2,4562900.03,88070.95999999999
807,ЯМАЛО-НЕНЕЦКИЙ АО,2021,2021Q3,1814649.65,23173.809999999998
808,ЯМАЛО-НЕНЕЦКИЙ АО,2021,2021Q4,2105287.46,43287.81
809,ЯМАЛО-НЕНЕЦКИЙ АО,2022,2022Q1,962621.04,26455.46
810,ЯМАЛО-НЕНЕЦКИЙ АО,2022,2022Q2,1089494.25,46942.159999999996
811,ЯМАЛО-НЕНЕЦКИЙ АО,2022,2022Q3,51678.25,5785.48
812,ЯРОСЛАВСКАЯ ОБЛ,2018,2018Q2,129795.47,2.67
813,ЯРОСЛАВСКАЯ ОБЛ,2018,2018Q3,187511.35,1222.67
814,ЯРОСЛАВСКАЯ ОБЛ,2018,2018Q4,369159.68,1495.27
815,ЯРОСЛАВСКАЯ ОБЛ,2019,2019Q1,89999.51,1202.43
816,ЯРОСЛАВСКАЯ ОБЛ,2019,2019Q3,344987.91,7759.94
817,ЯРОСЛАВСКАЯ ОБЛ,2020,2020Q1,178728.06,3991.25
818,ЯРОСЛАВСКАЯ ОБЛ,2020,2020Q3,72359.07,4951.22
819,ЯРОСЛАВСКАЯ ОБЛ,2020,2020Q4,48669.55,884.37
820,ЯРОСЛАВСКАЯ ОБЛ,2021,2021Q1,37218.42,1230.73
821,ЯРОСЛАВСКАЯ ОБЛ,2021,2021Q2,399607.64,11960.71
822,ЯРОСЛАВСКАЯ ОБЛ,2021,2021Q3,382593.95,23415.65
823,ЯРОСЛАВСКАЯ ОБЛ,2021,2021Q4,249336.44,19475.95
824,ЯРОСЛАВСКАЯ ОБЛ,2022,2022Q1,119774.51999999999,2757.3
825,ЯРОСЛАВСКАЯ ОБЛ,2022,2022Q2,154812.69,3253.6499999999996
826,ЯРОСЛАВСКАЯ ОБЛ,2022,2022Q3,123308.5,8134.14
